x1,x2,x3,x4,x5,x6,y
-1.0,-0.019027224272472845,0.316715094966845,-0.8049574359162092,0.9254470898190961,1.0,4.401898912525503
-0.9006339459392068,-1.0,-1.0,-1.0,-1.0,-1.0,4.687923466686719
-0.9688241794241268,0.08620979272813545,0.034179814055596336,1.0,0.041378738858037556,0.1816484227861404,-0.05547890464484558
1.0,1.0,0.6807779330025934,0.7260539452641654,0.8012381503472885,-0.6336912310874272,-2.0464934779254365
-1.0,-0.9423415803516978,0.7021035163543607,-0.9400274491243557,1.0,0.7982277614601239,-0.19283191911533723
0.8586675096043399,1.0,1.0,1.0,-0.2638084960213834,0.6678075348046757,-2.7574982037050573
0.48333426137018454,1.0,-0.5558339704376298,0.022137004319847053,-0.058641339174247464,-0.4892989257114937,0.8852793943770434
-1.0,0.33418637315206356,-0.375023127525409,-0.3767464665153769,-1.0,0.8116071595255809,-0.3181438044894497
-1.0,-0.7837003071707165,-0.8715116946163729,-1.0,-1.0,0.3241182933219187,-2.099309086917089
-0.6636270330695877,-0.14859768234822102,0.5601310537570389,-0.5786039192137233,-0.5101531861070847,0.35238457366010895,-0.779737817274214
0.3108493918191304,-0.32176049187041617,-1.0,0.40920572668761,-0.90303258426184,0.07461843203007457,1.5988237668783225
-0.9654565089088483,0.3155348072459121,-0.4386028785669649,-1.0,0.17208796714645058,0.7063908054017307,1.8545227510814315
0.3512971927618307,0.08410860486352678,-0.32728535143870063,1.0,-1.0,-1.0,4.338658715685207
-1.0,-1.0,-0.6462574690974567,-0.15342621663683897,-1.0,-0.04389797157942166,-2.603533703837563
-0.6860214780443349,-1.0,0.41268421666927985,-0.05606829035786784,-1.0,0.3075452686149602,-0.4208081337888604
-0.974512830956078,-0.3925152048762035,-1.0,-0.3543957016909205,-0.7339570032404522,-0.33033572812474155,-2.069435153741536
-0.9746565572813981,-1.0,0.6167601481887236,0.5743045394940081,-0.3507397994993888,-0.6064051706915985,1.519607499635703
0.6800050546628329,0.9468852003550983,0.07843695975931314,0.345906034925287,1.0,1.0,1.8566517534115021
-1.0,-1.0,-1.0,-0.8996656732100416,0.37545836735405,0.468814574546885,-5.781977645014987
-0.7180842554293817,-0.7404270214441604,1.0,-0.6643931444235369,1.0,-0.016103293169255184,0.6171643147317022
-0.6130737365106076,-1.0,-0.840171845194842,0.5954121487829428,-0.7440688149201499,0.6581249316066335,-1.7961184424157215
-0.9730901791728594,-0.19528154676698783,-1.0,-0.5341288383901626,-1.0,-1.0,1.505647477859636
1.0,1.0,0.40597879415283944,-0.2461261496753523,0.8215130741378356,0.5117441356457086,-1.5790323783803202
-0.4881685826250226,-0.9722615282846827,-0.7204470123001141,-0.7101394317198357,0.40001326814347304,0.032459930205591014,-2.0063033990171153
0.12302452681593312,-1.0,-1.0,0.7383804947483216,-0.6540175605611048,0.5151364394862762,-0.6980350324388037
-0.8418461946064644,0.21764444290227625,-0.8894699453602586,-0.9649091720183092,0.4926720451623602,0.29975676727273237,0.9279508551616962
0.3514751479416953,-0.07052920542169422,0.26603983301948686,-0.09750780610166901,-0.4157068157657292,0.936239744570194,2.6327501045057273
-0.15552465438774324,0.6514131072618511,0.7992534527085221,0.4140862201171908,-0.6538767093141135,-1.0,1.284191659755714
-0.3549431729397739,0.9492227097504237,-1.0,-0.4824470100452497,0.5857799924723626,-0.2601094259168792,1.5560093813502704
-1.0,0.23659189615657528,-1.0,-0.27924875396424187,0.21505310804101493,0.5116567172379568,1.8939693729441418
-0.7260266684315348,0.04054132478291178,0.7232718978918447,1.0,1.0,1.0,2.917354333357412
1.0,1.0,-0.44653239886279184,0.9399217193861451,-0.07347512674316337,-0.5673589048320041,3.3990331719561047
0.5780727776902657,-1.0,-1.0,0.19399386297052235,-0.31213745146072935,-0.9585865276694063,1.3039638887908012
-0.33851603338669944,-0.31387335199773614,1.0,0.04991795085800457,1.0,-0.6676467712365239,1.615532954008308
-0.25715169377786296,1.0,1.0,0.0959050926873759,-1.0,-0.7439773412242856,-4.15554329166064
1.0,1.0,1.0,0.5561290419883913,1.0,-1.0,-3.9608642224275004
-0.8849153290169971,1.0,0.9977191388964781,0.12493348525603487,0.14271835887480339,0.9210740549795581,-3.3252812231014754
0.3847688073122424,-0.8670009424414965,-0.639705818475311,-1.0,-0.7891582136109796,-0.4842310313035645,3.6300760998780284
-0.8356100082459116,-1.0,-0.6986007059526222,-1.0,0.17957098214457187,0.04945925511871396,-3.4963375581453544
0.4033466311898312,-1.0,-1.0,-0.7703908803636742,-1.0,-0.9707114267113215,5.509531748673631
1.0,-0.5179118889609682,0.1439596100620914,0.7177922643296939,-0.49157814306719216,-0.8899572708299774,5.700484486406932
-0.215768822994304,1.0,1.0,1.0,-0.7900573554048572,1.0,-5.914771753799405
0.8344104729226323,0.41553660944670656,-0.39703069062262,0.43417569897472097,-1.0,-1.0,4.389747073567541
-0.7310690838324376,-0.9624449569238159,-1.0,-0.1841943042944506,-0.2082963826234512,-1.0,2.82917595010736
1.0,0.42366563026166726,0.9311088063771544,1.0,0.527814848422207,1.0,-4.685347526004019
-0.40531274228904535,-0.3217703106670668,0.0957994640305121,-1.0,-1.0,-1.0,2.533935570867726
-0.09338582558268849,-1.0,-0.10523343362330972,-1.0,-0.36490446038041835,-0.6167456680884418,3.1051516633605556
-1.0,-0.36089931082288706,-1.0,-1.0,0.0028221292457644154,0.32776324878430196,-2.3516017948408785
1.0,1.0,0.6832561291302763,1.0,-0.9580135464213599,-1.0,10.370044659207263
-0.7873491539932673,-1.0,-0.652904575561795,-1.0,0.45516376250627244,0.5531899119096424,-3.9419014257295464
0.27852249421417186,-1.0,-0.719869327349237,0.003516348141363701,-1.0,-1.0,2.9092812335026035
0.4493073250433096,-0.9164293323520714,0.38975756889041224,-1.0,-1.0,-1.0,12.315600990054637
-0.1999976899048126,-0.13352701583781856,-0.3216314594258088,-0.01723153917797049,0.6372287022376961,0.2379198181048785,-0.08620290613333043
0.24266361035745576,0.09135846637454359,-0.2630799378340183,-0.730569893484513,0.47756459811097507,1.0,3.6090361880734942
0.27743523315368823,0.226551207719496,0.09109069135429282,1.0,0.6034931644719499,0.8904305492805176,2.1657059366849447
-1.0,-0.22419315497270387,-0.9155056333292654,-1.0,0.8465519450193899,-0.10881253305931357,-0.2743327849587066
0.356464393393647,1.0,1.0,1.0,1.0,0.6152594849401007,-7.984415374484782
-1.0,-0.22916906236953427,-1.0,-1.0,0.6128942794727359,-1.0,5.550239000052039
-0.30520500469265965,-0.08396543878347043,0.3424981909585667,-1.0,0.3425851381535212,0.4224431596912901,0.1022526819918619
-0.1224735835409898,0.42743955065413464,-0.5760257806472916,0.3767296366394969,0.2678958435645197,1.0,4.9439822836385305
-0.9877320237819646,-0.18383645064533854,-0.8922741227884401,-0.9001290383831442,-0.8243479793356472,1.0,4.317408950653959
1.0,1.0,1.0,0.9827529505686821,-0.2214719415158859,-1.0,4.295284986149639
0.9975460824926994,0.5562545200019611,1.0,0.9577898052866447,-0.7764541420691773,-0.7660462695358241,5.881361254667555
-1.0,-1.0,0.5611199271942012,-1.0,-1.0,-1.0,6.5319930414650935
-0.6158103339741579,-0.2294058888430084,-0.21017911850977145,-0.86552967332336,0.39697231440870184,0.6112175072748686,1.258525568565796
-0.033607919809106324,-0.6353545966108898,-0.05938287189785435,0.36845902554517596,-1.0,-0.4321450882672353,1.6150903960910874
-0.6476747791669928,0.08648719076485323,-0.737109722744713,0.39991898811713317,-0.09862953879711633,0.42158670216483307,0.5615335013618559
0.8983747318602817,0.596488127856633,0.5263849149706175,1.0,0.18816964956544346,1.0,0.19285289091369595
0.4474950935157764,0.44908740498782274,-0.2145484534218457,0.3391348503828864,1.0,0.8248688152588741,1.7311695341734428
-0.8613377119197148,-0.6656287729483923,-0.22905167646973723,-0.990077779154976,-1.0,0.49799050595969174,0.6804059052999465
0.43299818613621815,0.6873502480810673,0.9065584610566484,1.0,0.3816981090403768,1.0,-2.726159793351793
0.3066603447273585,0.5401520455824438,1.0,-1.0,1.0,1.0,0.8413952412035768
-0.22216208956995187,-1.0,-0.44720137613121047,-0.7405067238547638,0.1824731386850993,-0.7645959766187889,1.1708089473818748
0.8013398771503428,1.0,1.0,-0.6131902787305169,1.0,0.8366879706682929,-1.8269454276082293
0.6123051245546405,0.8837945512256284,1.0,1.0,0.3846226133907418,0.47198137404617924,-5.991693945425788
-1.0,-0.2971316070047543,-1.0,-1.0,1.0,0.6760313507965061,1.4076401418376192
0.34357413374351486,0.014061055934943223,1.0,1.0,-0.3960210913478105,-0.05460631362792921,-1.7148240630780218
0.7716959897507027,-0.0675240005411,-1.0,-0.23278549755630856,-0.3616596754995975,-0.610168479656423,2.4809415568901736
0.14242883825030786,-0.3444468316975877,-0.9388511594777695,-0.5947269695435621,1.0,1.0,4.181276059636249
-1.0,-0.51723409922555,-1.0,-0.5199683381537596,-1.0,-0.48496545452847933,-2.6957943645964013
0.7468081454088202,0.08403447624557808,-0.45032705343047347,-0.42102250141119346,-0.1989275693203023,0.0898186332477211,1.3237496915948246
-0.2685613043030388,-0.9274023548386057,-1.0,-1.0,1.0,1.0,0.8901207928453139
1.0,1.0,-0.5131391663630617,0.5500624153477853,0.5826377754309047,0.9003478895842312,1.5295761720652064
1.0,1.0,1.0,1.0,-1.0,-1.0,8.8510769289648
0.0030197169348157304,-1.0,-0.045355945303026,-0.9531876356534557,0.7754563999944437,0.8547288932952195,-1.2261671366212898
0.18330106259654577,-0.551368936841264,-0.5634584104195091,-0.4546542840205505,0.17058941687733253,0.5335568375225177,0.2980000050038051
0.3454462510479053,0.6179961990717793,0.7890924292081218,1.0,0.0199660511861115,0.4949557787868273,-1.5772744224916955
-1.0,-0.057840170539389835,-1.0,-0.038301311834343876,-0.20639371219142597,1.0,7.406228414659939
-0.732844815568095,-0.2752581030307104,-1.0,-1.0,-0.9473664826547162,-0.014093151037719687,-1.1515825564861504
1.0,1.0,1.0,0.5179898284994051,0.1343687643512066,0.052962752504055466,-3.218283174676551
-1.0,-1.0,0.1249654090573562,0.18707746602805836,0.9492282973158996,1.0,5.721086375433371
-0.41039335441162184,-1.0,-0.9589706979445929,-1.0,1.0,1.0,-0.6987408251414593
-0.19369912210337412,-0.6382687965991303,0.04204407544427968,1.0,-1.0,-1.0,3.000352519190278
-0.7028353931236138,-0.3045022105670965,-0.32212491710183677,-0.2041189153243687,1.0,1.0,5.729535372418429
1.0,0.9603281260920268,0.5139637314467977,0.5331716386404821,1.0,-0.07059935617302143,-2.7624846269151626
-1.0,-0.24921474660143028,-0.7415220035590416,-1.0,-0.8860104217710623,0.3167254582924972,-0.9453985587652967
-0.2575517057307364,-0.7744975689143457,0.8763379336853998,-0.7856191573528026,-1.0,0.6475444508366701,0.14747164243505467
0.5683919157121751,0.1012544621649612,1.0,1.0,1.0,0.531667378998574,-4.846118156467036
-1.0,-1.0,-1.0,-1.0,0.8394227215905993,0.022029604580578926,-7.553012433930093
0.6795483405240101,0.2636962366658018,0.3096590282678382,0.49121208879133754,0.7502371095012366,1.0,1.8840716682459726
-1.0,-0.5438344021841268,-0.8785500998079057,0.3158509314843679,-1.0,0.9150210509400084,0.6613657837400841
-1.0,-0.3018673576219817,-0.463128922917199,-0.9961015823215305,-0.26927719663622907,-0.029178941957229698,-2.414365609012064
-0.5246288907067711,-0.6824247264980292,1.0,-0.07353573594004964,-0.45184619841463447,-0.3230778466328185,0.8270476894001291
0.2703516179031472,1.0,0.9381405435180827,1.0,1.0,1.0,-6.203433869074379
1.0,-0.28657435487712235,0.4084579995189773,0.39704305783472743,0.21797948358348296,-1.0,3.7125457800652675
1.0,0.4891968772080064,-0.023867213095982942,0.6599678245612146,-0.2680318680542846,1.0,4.412311236522156
-0.8754389572884422,0.6660819181413034,-1.0,-0.7729677089674158,-1.0,-0.8805557900886175,-0.6061183340794516
0.46010512060229125,-0.37300263797794764,0.07988954189172343,1.0,-0.1089330610270557,1.0,4.167013969554998
0.5703575914043091,1.0,0.7529768384387523,0.4539436238187657,-1.0,0.4660723247215943,-0.22799496153694782
1.0,0.04652533440691298,0.3455753078444378,1.0,0.5829735833747541,-1.0,1.4914720809619477
0.8266519821093227,0.15123386162277352,0.2394208803018677,0.09200662640142021,0.06468405064870797,-1.0,4.275629628893176
0.3677150901895987,1.0,0.856607420434968,0.033917802617908555,0.46982537960120985,-0.9063475959225064,-0.9317237229648645
-1.0,-1.0,-0.8327943484449556,-0.04291292405275199,-0.05748105517843127,-0.15874675261354243,-3.981922828620755
-0.15300776095540358,0.08694091297853296,-0.7410840072565726,0.41016632836314565,-0.5383432003338411,1.0,4.942018021131005
-0.6539366050309038,0.25273370237779835,-0.6753877211119652,0.07014224922489137,-1.0,-1.0,-0.5426802031034607
0.9913070682748083,1.0,0.34452779917564397,-0.8225225968489648,-1.0,-0.34462824355827953,5.996292914953777
1.0,0.863145922577823,-0.07255153696976413,1.0,-0.6430775324088709,0.5486546548209674,4.7240383063360545
0.9131301599646082,0.08429402341395423,1.0,0.02344167079121412,-0.4816990170200106,0.1588567810013275,1.0540572902687664
0.6929216678203749,1.0,-0.4425449854376387,-0.2092178284500445,-0.011321698437167016,-0.2638710597264998,0.9679307224733666
0.04090216780986988,0.909398384513789,0.26095325936942126,0.23646812471330603,-1.0,-1.0,1.4895695048820157
1.0,0.8446924501798527,-1.0,-1.0,-0.41036305852375704,0.133825448330121,4.28453387319662
0.28090993635353684,-0.19289889400638577,0.7288025920422645,-1.0,-0.17265053417793963,0.0819297379306444,-0.9335788419638542
-0.7589767065961461,-0.17169772389203142,-1.0,-1.0,-1.0,0.6140865809062219,0.8898613916663394
-0.6395073453409101,-0.06504822764946849,-1.0,-0.8714696970080047,-0.8549981254441597,-0.6466088833857055,-1.1076955983673087
-0.304629709617745,0.15982504627154262,-0.2256157039484188,0.9763587578142587,0.3523539655698916,-0.09708157746569185,0.40472444358610943
-0.9408029021923188,-0.41519532554502325,-0.7158716418561872,-0.2761839124912044,0.28921276785032135,-0.6013144191246373,1.895814426688994
-1.0,-1.0,-1.0,-0.8256370878896295,1.0,0.8309714851989378,-3.4969336675176343
-0.9850601880927141,-0.8723153695579604,-1.0,-1.0,1.0,1.0,0.49770407116997667
0.256649788374441,1.0,-1.0,0.3274102877814964,0.07341574601624612,-0.7332931573680769,2.4515855453822852
1.0,0.8711042258387469,0.8664432486210953,1.0,0.6032503982291685,-1.0,-0.9058178525100573
1.0,1.0,0.28263077779930157,1.0,-1.0,0.9304792053403156,6.907706054477877
0.05241015081909546,-0.23937689178179833,-0.624929804137506,-0.5243803076005362,-1.0,-1.0,1.3426971867015085
0.5274513971593506,-0.3314579947333238,-0.4054165590505573,0.3962573127523114,-1.0,1.0,6.425448769308488
-0.8604524514050488,-0.9140643440578635,0.9847701713494852,-1.0,-0.7790759678117558,-1.0,5.333945362057733
1.0,1.0,-0.19985386353034074,-1.0,0.678858369654021,-0.7162376290299497,-1.0285727983522428
1.0,-0.4118149164087059,-0.15674558727317683,-0.6577096206517865,-1.0,-0.6253934363522797,5.700884552454539
-0.5820826204915572,-0.8478015484154389,-1.0,-0.041933160112795395,1.0,-0.11285832044462829,-1.0301256175359375
-1.0,-1.0,1.0,-1.0,1.0,0.5774390945271426,-1.7830749751773256
0.05207925766542931,0.6463229732615245,-0.3809983897370966,1.0,0.565572015516125,0.4823588737474348,1.0391772404996518
1.0,1.0,1.0,0.5176050019571379,-0.8950384460809238,0.6991878998615609,1.2730152921875906
-1.0,-1.0,-0.5606587384069568,-0.5396997044184022,1.0,1.0,3.005849870150088
1.0,-0.05250359994613896,1.0,0.9197284644103411,0.40350479958433216,-0.37055822828135354,-0.8755629570023047
0.4630687111923283,0.8775947503315789,0.1860149934840996,0.2896432379811559,-0.08776631747445862,-0.4687701808699316,0.44477783847616537
-0.47674236955052773,-0.8742267040536928,-1.0,-0.6882944341943407,-1.0,-1.0,3.1765767190477154
0.25048582601593916,1.0,0.19977891893031763,-0.4772973473100672,-0.11813905480894416,-0.45987638398878933,-1.2027337341806241
-0.6493702983406386,-0.3757728028252658,-0.2080488153799981,-0.7313667559154848,-1.0,-1.0,1.0839950479376335
1.0,0.9284912241828327,0.39135212902067207,0.09438395517050369,-0.9298577867642395,0.4886166475789919,2.025893705077433
0.9227476969481759,0.3378153701957495,-1.0,-0.0325839070442589,-0.12468838599833687,-0.7633225069587181,1.107027503361683
-0.1696271218677104,0.7268084369170709,-0.3685298090395223,0.32419475949641374,1.0,-0.26052922697994507,2.124744990295268
-1.0,-0.2028603390439223,0.6762080629483993,-0.7403488308704914,-0.4112319096655167,-0.8245548996666334,0.9157745106766817
1.0,1.0,0.6445280073889919,0.13766621909896748,1.0,0.03325541333740145,-3.339695301284899
1.0,0.07257303338643872,0.40171269117640684,1.0,0.867460852519004,0.5155460239877281,-2.4361212660664116
1.0,1.0,-0.2701923353001618,0.7133597676536849,-1.0,-0.46199706430402276,7.060771493739344
-1.0,-0.5984545683596612,-0.07556232165233913,-0.6540738071661755,0.10468905644354609,-0.35982174755708685,0.3132430379665625
0.026521333666675306,-0.009249360391951122,-1.0,0.26511600145922765,1.0,0.3009796399563978,-0.42707180041423765
-1.0,-1.0,-1.0,0.8987662778540837,-1.0,-1.0,-4.108314515199898
-0.15691171287289896,-1.0,-0.7802888239699339,-1.0,0.8870866894235064,-1.0,3.781935853033919
0.7096242549569001,1.0,1.0,1.0,-1.0,-0.6479192244848503,3.6632603777561927
-1.0,1.0,-1.0,-0.13781990736307118,0.7069849078973163,-0.3533547468337698,3.901028883272458
1.0,0.5983803680574906,0.39818195860294203,1.0,1.0,1.0,-1.0437938858347606
-0.9978401957836769,-0.4972042880911315,-0.37673147845432375,-0.38776836187816566,1.0,0.6345578963935428,2.507984821196246
1.0,1.0,1.0,1.0,-0.5584948968091877,-0.9000717218462116,5.500077060280917
-0.276298105067183,-1.0,-1.0,-0.35205985349427016,-1.0,-0.7971036042361075,-0.7229307971722296
-0.15343249628163563,-0.43241124697846023,-1.0,-1.0,1.0,0.7821204501999577,1.9529117571327617
-1.0,1.0,-0.02085322890011354,-0.10031525672534392,0.9189482090517695,0.09727984695315506,4.6816020967025045
-0.2692258596513951,-0.43144723724419665,-0.11168552323471359,-0.4040829216068847,-0.16200948904706666,-1.0,3.51487387519995
-1.0,-0.013663956394352583,-0.554055299522969,-0.7253711625907617,-0.43884435775980024,0.9375212218617713,0.015063257668061159
1.0,0.044676694462242095,0.42686119194434213,1.0,-0.13775068118524691,-0.03506311240973736,0.4114185815738385
-0.12474369472647662,-0.5461768835191265,-1.0,-1.0,0.614636621956381,0.7116673462458727,0.8857805241721366
0.23410238154135266,1.0,0.9422472704030348,-0.0007336544007118806,1.0,0.6536743526714468,-2.328132463587017
-1.0,-0.9051810557402424,-1.0,-0.5157561320729624,1.0,-0.3125616227304208,-3.392311177084628
-0.4071358494386442,-1.0,-0.708700942917601,-0.24971710353808696,0.5873784471112693,0.3018671694714644,-1.6223236099801996
-0.2627946293719114,-0.6495273144473312,-1.0,-0.23023409490448854,0.8647002428461263,1.0,5.336358355443446
-1.0,-1.0,-0.8586064197437784,-0.523228217129335,-0.8285463708267131,-0.875863926077314,0.5703548851049868
-1.0,-0.41615220369713635,-1.0,-1.0,1.0,0.552798980477798,0.13097370746132064
-0.19624557358738698,-1.0,0.2612935966277073,0.4053706099135387,1.0,-0.2571082592381615,1.309634587577706
1.0,-0.06939602054528507,-0.010921037714354931,1.0,-0.25646494308503387,0.7483392193947977,2.638716894417329
-0.5717106044656173,0.3479736015304168,-0.41671361129512524,0.2011538271620874,0.618228846080257,-1.0,3.5294046937992265
0.010335704035761006,0.05625622471033154,0.23702854332864887,0.13587842560350216,-0.8337448026997553,0.7279534227483192,0.97452238045865
1.0,0.13595882851576713,-0.45576583094592127,0.031746305121235885,1.0,-0.08004523089699866,-2.9386959135777215
0.47003672648391115,1.0,0.44393580864534576,1.0,-0.488076679135636,1.0,2.1438994016001134
-0.23622066387696328,-0.3305213682430425,0.6169254289265618,0.9264790290046538,1.0,0.8566634949915419,2.198302980067118
-1.0,-0.08359925573354432,0.36474932736675925,-1.0,-0.9361982183147147,-0.6873463902053427,1.159795700192272
0.44398028604727224,0.7270671974710782,0.22978833821391823,0.3229573497449415,1.0,0.10068019216870214,-0.10092483541903141
1.0,0.2752229066570236,1.0,0.8691056458183062,-0.7548612108661452,-1.0,6.706972975949995
0.5049434508686312,-0.45535655622641824,0.33857344253094845,1.0,-0.2623233077149106,-0.07361329294399954,0.48182741494909986
1.0,0.5197800387877265,-0.52606711556523,-0.24064843792967427,-1.0,-1.0,5.8942451772686395
1.0,-0.8274999052158489,-0.9784629356787011,0.45015203183607516,0.18731785730184414,1.0,2.189015408084559
1.0,0.3116512235346718,0.10734899866379843,1.0,-0.11888327838223733,-0.9262822951900113,5.141159332649118
1.0,1.0,0.9529514428651316,1.0,0.5714021397313708,1.0,-7.023277085700074
0.1300952985013588,1.0,0.6865346671759305,0.16537180150918374,-1.0,-0.6836902566276731,-0.5810415527293366
1.0,1.0,1.0,1.0,0.8371380258232128,-0.7665782280677382,-5.4191285446518975
-0.3094664860950321,0.4157037651356877,0.8357191423403016,0.044450177793504575,0.47409663272879504,-0.0439513942566887,0.00945499610794287
1.0,1.0,1.0,-0.19595574785526393,0.25668304216248694,0.07005781665557431,-2.331334414050789
1.0,-0.12653009437563667,0.3214935624532325,0.950885350796566,1.0,0.18898174394466216,-2.8742641633056394
-0.4135784324677311,0.664095022581404,0.7323532113657012,-1.0,0.09102630353525282,-0.6125156268667697,-0.8063585211539754
0.5119092778988492,1.0,0.9675032148143399,1.0,-1.0,-1.0,4.430085774553821
1.0,1.0,1.0,1.0,-1.0,-0.8040484753025547,7.617265298880381
1.0,0.5023916131153836,0.41770159103845184,0.44326797927116357,0.2137757010448339,0.6126851644753843,-0.832471456750607
-0.16606892244525973,-0.4395132882161489,-0.6367975235347518,-0.18813714345992058,-0.6399638855192135,-1.0,2.1336979380782752
0.9643319817568474,1.0,1.0,1.0,-0.546612243045783,-0.2638405382872071,2.3378759968060274
0.6464475386078891,0.3569567497926788,-0.4472507383487657,1.0,-0.19579598847132978,-1.0,3.187498552828039
0.5753299430907537,0.1981407116951417,0.1909436962355029,1.0,0.5642602351886727,-1.0,1.8306157908010259
0.3269961823441728,0.4553257482305308,-0.8964263774977113,0.18805319315408792,-1.0,1.0,6.95081040249872
-1.0,-0.8273875293308317,-1.0,-0.0561170611973425,-0.26207232181616746,-0.8019815089024861,1.7736807933111463
-0.16572587064785693,-0.04634405733473665,0.2595994004529642,-0.9960332233603468,0.6713899802103258,-1.0,4.894687200507315
0.6156257697892596,-1.0,-1.0,-0.9800303038113434,0.5990864465456934,-0.9296827514594013,0.5815370230644796
-1.0,-0.6330349875793375,-1.0,-1.0,-0.5118354994136328,0.8105927500719543,0.2885601715252849
1.0,0.19501659764777635,0.18483745171401206,-0.38296780929323043,0.2178036211831582,1.0,1.2547393422102302
-0.06415158274967626,1.0,-1.0,1.0,1.0,0.6384137266983281,1.6130161272598342
-0.17459237578242448,1.0,0.6098417778471333,-0.5751687619057291,-0.35334167620423906,0.3098727734214939,-1.697094776333065
-1.0,0.47258176301594934,-1.0,0.9781590912498571,1.0,0.507710082602192,2.002840308812215
0.6787398467226664,1.0,1.0,1.0,0.16199261474241544,0.30585892380939805,-4.026957710256645
1.0,1.0,1.0,0.7266962492044278,-0.16178182020433252,-1.0,2.4590003976980515
-1.0,-1.0,-0.3186994646609078,-1.0,0.14092646490381622,-0.7320931216150989,1.7725035480537408
0.35490645426162,-0.5949062995443728,0.23290946549324532,-0.7217289222167418,-1.0,-0.6825912016481831,5.396107487500306
-0.017912557754664424,0.7355595798291357,-1.0,-0.8836022091633445,0.6255621882007403,-1.0,1.2284693374627258
-0.6785246923070133,0.09711411299430417,0.46002523594709166,-0.5595016469154197,-1.0,-1.0,-1.2566993752164104
0.6014931780725012,-0.1737904903860893,1.0,-0.16371639143664424,-0.40571167184157875,-0.2883459435785203,1.88438548053088
-0.616417501844367,-0.08841189346171996,0.2186552083414159,-1.0,-0.03782392138914714,-0.4870262234005302,0.40421905478813014
1.0,0.6136318356129801,1.0,0.9173000978091508,0.4673265933875922,1.0,-5.536319603273093
-0.8350256145826823,0.13534892887769323,-0.2074642904965316,-0.08963195376325139,-1.0,0.06027827812466169,-3.1328996156052935
-0.02893486195866085,1.0,1.0,0.7136881567375708,-1.0,-1.0,1.319269631411014
-0.15370489730728354,-0.5728540746540793,0.5525348520821985,-0.13240092167688955,-1.0,-1.0,0.8377524123639535
1.0,1.0,0.8612315958498336,1.0,0.1701174914805163,-0.2722520638156519,-1.8228634010616223
1.0,0.9961451482649402,1.0,0.990479460217244,1.0,1.0,-9.735402808399211
0.27298443109806625,0.12534523844554468,1.0,1.0,0.35208367535110785,1.0,-2.7201957012377767
-0.1099359361018526,-0.7913558535926586,0.04809860109918773,-1.0,1.0,1.0,1.6619769705441652
-1.0,-1.0,-1.0,-0.327296508788389,-0.2559571105558114,0.8329674718651944,-0.9017665430189356
-1.0,-1.0,-0.11344033274467347,-1.0,-1.0,-1.0,5.546230305570528
0.42280281291106353,-0.6509207479466892,-0.3086399915472264,-0.7941468707343317,-1.0,-1.0,5.326068362544642
0.33691410852945747,1.0,1.0,-0.06920349894159679,0.035303442630059356,-0.46504791774983856,-1.9186611648639185
-0.21078786201626265,-1.0,-1.0,-0.7619286190308796,-0.3692005389188986,-1.0,3.8279570851396256
-1.0,-0.9828162339562696,0.11955306148290255,-0.6280706945704052,-0.31919191706929795,0.2580999636019663,-1.4982335404733202
-1.0,-0.8341334685115783,-0.7129392572725417,-0.46448246817154515,0.7472081164965807,0.8673568931485458,1.3770815717494345
-0.07916837156385292,0.05267673988373267,-1.0,-0.3773706725971354,1.0,-0.279698586921869,-1.6269370438617226
-0.9063099440016251,-1.0,0.4918081705138409,-1.0,-1.0,-0.13953656266455003,4.410377606958809
-1.0,0.006795447733990476,0.15921609348935967,-0.6003858776328459,-0.8727954153891218,-0.1912508888138198,-1.2763076544196914
-0.1988678072835144,0.5129553050658434,0.21283950070028124,-1.0,-0.7791949086856333,-0.34094235932085803,0.5661781270007185
-0.9850604738309607,-1.0,0.04319310326946299,-1.0,-1.0,-0.5276374007166365,5.002997991785909
0.22860529871372504,0.3684515337652221,0.1060458745650883,1.0,0.612742905844182,-0.7447971588667468,1.3507220223198915
-1.0,-0.5751608805367594,-1.0,-0.058154183444827034,-0.37113099936858895,-1.0,5.517817500704746
0.5151756518000046,-0.6089846668036087,0.0975349019739406,-0.9705997664400157,-1.0,0.29905959711076524,5.455248136271198
-1.0,-1.0,-1.0,-1.0,-0.804159779455668,-1.0,3.7754631460871995
0.34386921524968606,-1.0,0.48099430379055164,1.0,-0.34082675327425044,1.0,5.731770262118044
-0.040440177782618436,0.11582286636332273,0.7911497680116579,0.9823436406373335,0.6915798784154382,0.4154795605476954,-0.691366494201812
1.0,1.0,0.3799705597021441,1.0,-1.0,0.31988648307733003,5.611702902094282
0.24513129813146617,-0.44043750445409824,0.4833747055827604,-0.4173473264810121,-0.4697491431302214,-1.0,5.2057287829872
-0.2521980722565662,-1.0,0.09104575558505157,-0.4317644047509608,1.0,1.0,2.368598938199389
-1.0,-0.07350605857669978,-0.4480261954849243,-0.9198252733477932,-0.6972979264244942,0.03285546942073819,-0.29972281664027234
0.9893040138982427,1.0,1.0,1.0,0.48412387898004694,-0.35197940952230844,-4.150423347075457
-0.5517166251298176,-1.0,-0.894904022598912,-1.0,-1.0,-0.71380666148001,2.1655868396862985
0.19540374453555742,1.0,1.0,1.0,0.10872518381725116,0.8593794491786866,-4.747137058572877
1.0,-0.28182309355791424,-0.5244993836709329,-0.012208620880093085,-0.07915980399075073,0.3973939352515873,-0.11522351421024579
1.0,0.031920307430473915,1.0,0.031516934988507606,0.3174962397086012,-0.42582580952947835,0.8121901795270458
0.0932840096068478,0.8348275397928874,-0.6907435783342626,-0.9531724614772247,-0.23392454105763577,-1.0,0.3941789661908619
0.882900318075146,-1.0,-0.27662774264961215,-0.5386239142617795,0.4870175560289305,0.6124175253087654,-2.0757405600776346
-0.24428415486713417,0.15281703250224749,-1.0,-0.98517317504145,-1.0,-1.0,0.36176067687359537
0.47660268539879747,1.0,0.7765600759050291,1.0,0.5983676509136537,0.785954202368923,-5.109429294206468
-0.494494777169431,0.44603246740424796,-0.2999486902609124,1.0,-0.25917175373615164,-1.0,2.186305555398198
0.6534938800476822,-1.0,-0.5223481523398119,-0.7054852609163967,0.05688004491920001,-0.3966206145959655,1.05391111387345
-1.0,-0.7879176186029436,-0.6516745649374509,-1.0,0.39161816866866417,0.6584827276372024,-1.3959883374243969
0.015223051893139217,0.6902017602923274,0.14975781883550343,0.11891376726741831,-0.9165131281252694,0.8349952650830722,1.7519327416598511
-1.0,-0.7817248474411431,-0.036217201602969595,-0.8678805363900699,1.0,1.0,3.600000101385452
0.04686964609564323,-1.0,-1.0,-1.0,-0.6081363644810301,-0.03415030103724481,-1.5831204980946367
-1.0,-0.6268206682937214,-0.6880784161191004,-0.6842777983169128,0.8920322367456976,0.4180794936934049,0.334291310874905
-0.6498741739604931,-1.0,-0.22092747543762892,-1.0,-0.16753270404756554,0.4419604517469786,-2.1644188685263375
0.29214508444099774,0.9758443587142268,-0.8974119625923883,0.19931451073628503,0.2694329354851535,-1.0,2.459255737763665
-0.1389613363312886,0.6745516288803897,-0.03040148511287888,0.419466526816464,0.26181866075202903,-1.0,2.121487295415555
0.20701517012884796,-0.13595502442370955,-1.0,0.22603960595029765,-0.09627719365048118,0.10522014208305591,-0.07959750114394701
-1.0,-0.8131950008055933,-0.4308564634267187,-1.0,-0.945124553604528,0.25264490456583943,-0.48350010391163223
1.0,-0.003694659955924412,0.80912089356601,-0.19616314892164566,1.0,0.2577484250207507,-3.816546074503122
0.2405787350629508,-0.9646409199844519,-0.8365338664096083,-1.0,-0.07524344736290417,-0.24854850100587889,-0.5293321025511437
0.08143388550403242,-0.014649892568258105,-0.5705381660620258,-0.0035335691144219306,-1.0,-1.0,1.5612275832139737
1.0,0.05708050813363719,-1.0,0.6570949107333048,-1.0,-0.40669347877558626,3.5477584256615424
-0.07943267719483882,-0.6878565785217923,1.0,0.41773411196268556,-0.9310199789732919,-1.0,1.4674392661183886
-1.0,-0.5729240202062037,0.2340083872631193,-0.13983397466506264,0.7577756638539404,1.0,2.7803325756552364
-0.04989485927324422,-0.7249705879462851,-1.0,-1.0,0.9065929985022281,1.0,2.157611343470071
-1.0,0.8208348591462622,-1.0,-0.1537940402587401,1.0,1.0,14.431103767492512
-0.8542139209140374,-1.0,-0.9352392829617917,-0.3783644756645829,-0.8033645516692036,-0.7340980097066399,-0.4965821887452653
0.8708517907662097,-0.40543297863350675,-0.2954039272953042,0.4088389730408605,-0.597287857172347,-1.0,6.407382345389517
1.0,1.0,0.685198585952898,1.0,0.3349989900947906,-0.7114928486971933,0.2775697510496789
-0.048423566335181745,0.09923813942941595,0.6549288356086309,1.0,-1.0,-0.8981486333092557,1.8200777630566651
1.0,0.7728588380462146,0.7232010225717909,1.0,-0.6866247105002413,-0.9276086045388685,7.385035883105461
0.3020060013136583,-0.5431358030108899,0.27549843648604355,0.4677601696658768,-0.5944308105543561,1.0,4.244854712459567
-0.15146288626012283,-0.9673330099972361,0.33514666605090715,-0.7232409185467246,0.7322695136625235,-0.9371836496431544,6.512389764511992
1.0,-0.1691573900388501,-0.11397006639539153,1.0,-0.1764274490136355,-0.7623780381553705,2.518077367421171
0.0524605279202196,-0.025261203276942923,0.2914004620381288,0.09302093703409386,0.4134809258395572,-0.1959850779734077,-0.27164812624974666
-0.8290978207158013,-1.0,-0.09190447120758954,-0.24054349878147546,-1.0,-1.0,1.7608546251840398
-1.0,0.9116506773271691,-0.27546375603741474,0.15960574135212247,-0.32017566810091136,-1.0,1.8012423188008895
0.26575242715284925,1.0,1.0,0.23746364471190956,-0.5925806868570332,-0.7829321580336582,-1.2508279633329429
0.16229949776815333,0.48752657007408634,0.7394384090462083,1.0,-0.4816875910731748,-0.4966158347348445,0.14255266031964575
0.8794056572669418,1.0,0.14613906794626164,1.0,0.6354931478642839,-0.5393463785898285,-0.14805512109889762
-0.12026337955524302,-0.6064045265065783,-1.0,-0.9012879383453022,0.27140206443564985,1.0,3.7526508234398586
0.34636128965953933,1.0,0.04209600365144006,1.0,1.0,1.0,2.497151041524873
-1.0,-1.0,-0.8402348688601495,-1.0,-0.17579398906718402,-0.648889420992917,-2.291066741704581
1.0,0.19646521960197605,0.731516425321506,0.9339137780916525,0.20568215151829705,-1.0,3.3140912968191047
-0.5479764952551218,-0.2246541319131472,-0.024443145153782708,-0.2277275958856771,0.08954182158858953,-1.0,3.9161141564969713
0.7366001237436424,0.0571095682091205,1.0,1.0,0.12419184648974643,0.13550873669293037,-2.616238050745744
0.8147579507307499,1.0,0.4224970307475683,-0.24699028594258132,-0.021640492321511662,-1.0,2.9611869061038902
0.4770743412613117,1.0,0.8334521576783964,-0.35734799931174727,-0.9968834660487504,-0.10843015339731266,-0.04604315579878482
1.0,-0.36430667931477967,0.8321692577965116,1.0,-1.0,-1.0,8.238445205492392
-0.5984782245572504,-1.0,-0.6666891529218661,-0.8850711611821049,0.3861338956205837,0.8308014346016551,-2.0482911134433226
1.0,0.632286525172187,0.29854873167533835,0.48270077763299557,-0.07714131329330337,-0.6200929433453561,2.1264967933920027
0.0836290992779124,-0.9319997551635721,-0.569349033699166,-0.2998021809432221,0.4162520497930833,0.8465158490111944,-0.017482602657352186
0.17945251805065932,0.016307886876595123,0.1242108614195393,-0.6880368857827401,-0.1180746117184876,-1.0,3.331951872246208
1.0,0.2885699389351094,-0.09199217034294449,-0.5468425650294936,0.603566121217124,-0.31373897277914453,-0.9754423115397445
0.28713319467191445,1.0,0.09350334904778035,0.29033873803647636,0.1916663467312796,-0.454581792216694,0.02720745838373452
0.2980121846216936,-0.6884799093716107,0.6825881432118713,0.09787137522364403,0.22754514467535114,1.0,0.1281120127589026
-1.0,-0.3856565647385981,-0.09250956313554592,0.9187016246060895,1.0,1.0,6.7027217848654255
-1.0,-0.1845847108846595,-1.0,-0.2628238966492744,-0.1897296538168156,-0.8119760545620984,2.988479101847112
-1.0,-1.0,-0.013239803833257513,-0.09099058101076946,-0.4185277736029234,-0.31690661649364293,0.34574961980925834
0.09281025314840047,-0.4815296274255431,-1.0,0.7037418423852071,-0.7461610239232249,-1.0,1.0879920909587542
0.7126579231827805,1.0,0.4144886556321874,1.0,1.0,0.9814042758370614,-1.6789130949346889
0.009054963302054464,0.876541655410697,0.2364100157703526,0.340627662851518,0.04777887304434475,0.8042290207940165,0.9849064470080824
1.0,1.0,1.0,0.9656071113999589,-1.0,-0.597671890742165,5.787654826297256
-0.33580694101613534,-0.4649000589218425,0.8368456466552918,-0.8294989030492276,-0.9296543481635462,0.7840758322044691,-0.903344545030509
-0.07402018186500248,0.653185136109075,0.15097158361444155,-0.3663547222294488,1.0,-1.0,1.0279194182535902
-0.822369377579877,-0.6214504864945103,-1.0,-0.021113931058373003,-0.2907119272381382,-0.2194094308645429,-1.678706497700806
0.4455464469645478,0.34495076418596327,0.8935436306591751,1.0,0.4365596314863518,0.989952304520861,-1.5900325547280976
-0.5263170121351225,-0.30693988094085145,-1.0,-0.23027906585227842,-1.0,-0.6465781798586479,-1.3442151955030759
0.6838096014351159,0.8166165771965755,0.2712086871806967,0.23978745197990387,0.361934086090826,1.0,1.3220189072453916
-0.30348428522827153,-1.0,0.023109756300181895,-0.9594425699927401,1.0,1.0,-0.33317280915417613
-1.0,-1.0,-0.6894564118898874,-0.2667605919829058,1.0,0.22282001243907323,-1.220711887578726
-1.0,-1.0,-0.26143170720593556,-1.0,-0.6058645369283141,0.5688712980095365,-3.250741885296522
-0.11125309916371284,-1.0,-0.3888415386236722,-0.4464818243359047,-1.0,-0.944579010456231,2.957812664561151
-1.0,-1.0,-0.6300063442763864,-0.2952359044841437,-0.10071801089573618,-1.0,3.429975779253772
-0.6522693064554548,-0.5427183870049408,-0.3770045241838704,-0.808221770521953,0.37275099493412833,-0.23489482807698808,1.326020880362182
-0.8159157274833588,-1.0,-0.6370402214205437,-0.34586504505075366,1.0,0.5752044376256262,-0.6777161712175728
-1.0,-1.0,-0.7012936371484161,-0.1474693099238371,0.5273799337667083,-0.4700256622477462,-0.7081985251889569
-0.240508542770273,0.33248848908218226,-1.0,-0.22387942181511622,-1.0,-0.5976876211283961,-2.497458941103772
0.9099805370077265,0.7843174115782909,1.0,1.0,1.0,0.5668562462091791,-7.447971308556893
0.38425600757029876,1.0,0.35595997969615223,0.5738999376431839,0.7028314259897501,-0.13680742594416073,-1.9668385291970556
1.0,-0.41019319140220223,0.05875170604007798,0.15403273705767684,-0.35328588764781843,-0.007830690804667695,2.2466787344530714
-1.0,-0.9782975300919308,-1.0,-0.2021045822560099,0.2746409012778839,-0.18937497138471748,-4.410573813656496
-1.0,-0.7561590712429906,-0.5462192534156303,-0.5625222137869774,0.2816181652585785,0.8814726011605614,-0.22235577227793746
0.6855649536421944,0.7110439400734971,0.5540362826927834,1.0,0.987347696159462,1.0,-0.6767910965218087
-0.5282957107888477,-0.23619756141510112,-0.7760235199755008,0.22742590236360982,0.3315270662864684,-0.11094329556539251,-0.05351938900770642
1.0,1.0,0.5877870759273509,1.0,-1.0,-1.0,10.601169783709704
0.8410304977294184,0.6139341609425608,0.8286028042813481,0.6903141221231447,0.6034614798855824,0.2705451938063623,-2.208376894338201
0.7963603143907549,0.7763745041024199,0.5886164842230273,0.39103223175917634,1.0,-0.3845091260867945,-1.5795156789094322
0.26786805100279654,0.29104508585727884,0.27585390301445334,0.13853282671508266,-0.35149613776010913,-1.0,3.396322598692198
0.5278617952601303,0.15276577362188704,0.2802514885880938,1.0,-1.0,-0.3398757401458832,2.5101804656122075
-1.0,-1.0,1.0,-0.06159067200762732,1.0,0.2710733932670418,1.5531456666565822
-1.0,-0.5278957587463184,0.2435050802579839,0.3552359774006908,0.530923619279175,0.6473987657550785,0.5650654223298773
-0.10712320701462946,0.5925167055915388,0.060987137673713054,0.8074023632529964,0.6026718629629229,0.5803614304039674,0.7233205461191873
-1.0,-0.8678882452613164,-0.5811574234393775,0.7285370090062108,1.0,0.2533840885849874,0.2540725599104543
0.7468032805708835,0.7156591466040698,1.0,1.0,-0.22656686211532373,1.0,-3.2012089497176817
-0.1623186072078413,0.2502175009671552,0.2077843386414442,1.0,0.003171558758578122,-0.3551132597313774,0.2098045812974983
-0.02067884264663078,0.5289787710245188,-0.10869667510168765,0.39424325349522926,1.0,1.0,4.8436817160105825
0.34837654307284266,1.0,-0.7826749376538297,0.6661794078020318,0.312053291154947,0.7012693275131907,3.0614407931500396
-0.1642686579655572,0.05988066957688393,-0.5014842666412724,0.5102643435487157,0.5412360083487817,0.2863586017419669,1.0321788469530675
-0.9654877810514125,0.4722615107886172,-1.0,-0.7260549377870078,-0.4175182977568246,0.3895753808666268,1.1411544083436973
0.9326728530837978,1.0,1.0,1.0,0.7194492568282459,-0.8305733019782124,-3.596758661485232
-0.24202625899246955,-0.3470995725532418,0.04551683621554614,-0.4670489126914826,-0.25758503304019764,-1.0,3.678612944303532
1.0,1.0,1.0,0.5873757159718915,0.2540838113275412,-0.02515270861737151,-3.0475212187937384
1.0,-0.0313465571429708,-0.4727361888637858,0.8257036503158862,0.7852882065886051,0.8303985894875443,-0.1441239928137006
0.9733778412070389,0.9406155955547759,0.04229949511134912,1.0,-0.4437473399476598,-0.704363223226429,6.3012433341299525
-0.8326431008725076,0.053993025642820436,0.5378267909624181,0.430261964863068,-1.0,-1.0,-0.9416018971930384
0.7849720149600126,0.40039473605433895,0.718959152033604,1.0,0.379525901057139,0.18556232194520117,-2.9195530962096616
1.0,0.4106313699724218,1.0,0.1814458521812784,1.0,0.3891844825761883,-4.596064527372506
-0.23197722752662076,-0.3255495556392001,-1.0,-0.5612983661316177,0.7206854794007851,-0.04098102524664115,-0.6901612668671001
-1.0,-0.011314409486247623,-0.40759522418801986,-0.678207375554605,-1.0,-0.5518881889227264,-1.6412181394067094
1.0,1.0,1.0,0.41928359793785863,-0.1822093207461457,-0.2617631822395321,-0.016827152633627884
-0.12479651467634101,-0.24711471624623554,-1.0,-1.0,0.3452918275523857,-0.999087194026679,3.4408667806824003
0.963841371845159,0.32658608138505785,0.6724722242402392,0.1557907686653103,-1.0,-0.09089667174803351,3.691858549395563
1.0,0.15210074606722213,1.0,0.6370288560346745,-1.0,-0.4209087978459163,6.061664554922147
0.6866890417575682,0.0912083315414427,1.0,1.0,0.7123577482506251,0.044647308868039026,-4.039238572039738
0.6792564578057454,-0.9228487427970543,-1.0,-1.0,0.6295336536088145,0.33589235708112775,-5.35802832382928
1.0,-1.0,1.0,0.4146035827107229,-0.317792583478293,-0.15864823908870893,5.937237781612215
-0.5837448123617264,-0.49332781716190977,0.9818323042681965,1.0,-0.5863545556656766,-0.5888835927067658,-0.24839052398296368
0.5743823668717878,0.1718470174418545,1.0,1.0,0.06696110746006752,-0.9695836116234823,1.5579341508028521
-0.7670205183202682,0.22318763053282886,-1.0,0.20495903928773745,1.0,0.10223029318780946,-0.08129872797293343
-0.7792928085324395,0.14170240976432746,0.8528514858978667,-0.019457943165115288,-1.0,-0.031014066170417243,-3.206406339824527
-1.0,-0.8490414122065422,-0.2384102692523692,-0.35907732525360797,1.0,0.6988764037682008,1.6182126870512674
1.0,-0.8598918839826384,-0.15300930558695947,-0.39399894330953494,0.07357122963482166,0.9577715895989436,-0.1846957613563989
-0.12616780195670008,-1.0,-0.6888068711517867,-0.22446060775876064,0.45897457496803307,-1.0,2.3916321892304135
-0.8365248811765744,-0.4309050936955087,-0.014683443488909126,0.7926617927597699,0.03744285503594258,-1.0,2.717553652214254
0.1229309683143111,0.876332487089416,0.6783282423352576,0.6077875404526516,0.804359085521557,0.30843532222189896,-2.6821725745640426
-0.33513652117411286,-1.0,-1.0,-1.0,1.0,-0.6495952567450939,-1.6926545419385213
-0.9703826361004082,0.627267935507414,0.6034848077550816,-0.8164981469381999,0.695482711135927,-1.0,3.3058572188749578
0.6086400284897459,-0.6779566176116477,0.23807448362932715,1.0,-1.0,-0.5165223066068522,5.342404233750446
1.0,0.8458820873840119,-0.00493429347106264,-1.0,-0.4470038336201141,-0.3928559212613072,2.857483708602421
1.0,-0.18819578228045825,-0.4584445708345247,-0.5135006358475871,0.22377621319784013,0.7746693188492964,0.2374757286904794
1.0,-0.0851961378742509,0.09970806800366394,0.08324701267113407,-1.0,1.0,6.106257404788513
-0.6927823320039075,0.27275407511810246,-0.3376336704261771,-0.9138412499002355,0.8868184719341237,0.6963713744719479,5.289272419243033
0.6141507826912436,0.40354305255507084,1.0,0.20945971974683575,-1.0,-0.08293084021535235,1.282231825511605
1.0,0.9531483315959035,0.5118696588599033,0.48103186476192306,-0.023179090029097238,0.24224975581254293,-0.6511990792036821
0.3546662778470173,0.5557582886175898,1.0,0.09575267541051025,0.9033407917414858,-0.8628657064869342,-0.33583639514657815
-0.18191301619038225,-1.0,-0.0724392788647753,-1.0,-1.0,0.15672657795634132,5.822295354217918
0.39565214470825394,-1.0,0.9553910976041369,-0.43240290044081836,0.6063056917584446,0.9702853388975681,-2.832255556126001
0.7513343061913798,1.0,-0.5382785019949549,0.8230738378962779,-0.2542869867686217,-0.04433536162814511,3.662889801494213
0.3171263873345289,1.0,0.24243738129536752,1.0,0.1918992834887056,-0.11276767173114055,-1.046822626623964
-0.8231103224975519,1.0,1.0,-1.0,1.0,0.03722255305864697,-3.105324931578871
-0.9750045916852537,-0.035725845697969216,-0.01706476754072761,-0.6890711336384197,-0.084932032523097,1.0,0.8739608697619771
-0.9756838247734505,-0.5565850724499789,-1.0,-0.16555144227422489,-0.1005716825183955,-0.09940948390434867,-1.8296631267602463
-1.0,-1.0,-0.5334407016105003,-0.36938400095846124,0.588863520524747,-1.0,4.976898115291961
0.10284077303178088,0.4018389966909305,0.840634068706098,0.6550437582973672,1.0,1.0,0.5233824558793184
1.0,0.5132856907890508,-0.27246163551615543,0.3981016309793004,-0.7856247422965027,-0.3100032288975325,3.8581344620771056
-0.6369913491005263,0.02916864397315433,0.6991533117365067,0.3509672963587198,0.60391007541143,-1.0,3.5995879625668836
-1.0,-0.2705849299786671,-1.0,0.31537553242371,-0.6253114698677247,-1.0,3.463064558088048
-0.19076325582575482,-0.04738604576407547,-0.2718665775912698,-0.7449042087673609,0.12137271757918877,1.0,3.19815794979178
-1.0,-1.0,-1.0,-0.5784228354335514,0.3652439144816069,0.3473573229314069,-4.7967157461452254
-1.0,-0.697537798468002,1.0,-0.161600357229361,-0.059538961166246684,-0.3766765625195872,1.3882872027385342
-1.0,-1.0,-0.38012662182797624,0.13196104341219017,0.962942530310664,0.005408084304335037,1.3034563403846207
-0.06386461714914277,-0.30233925629289227,0.4613215998659943,0.7610758867173394,-0.6363073371377381,-0.5296014993527893,0.5544554089872337
-0.34968264758176026,-0.8565552414292259,-0.8509239470775309,-1.0,0.19032150901313577,1.0,0.2885749268407588
0.5305377488986833,-0.08948278182113753,0.20265957948989632,0.08618478036604704,0.7107304098858492,-0.06762864241868127,-2.4783841235048154
-0.8459031329942924,1.0,0.986355149013092,-0.14194469489671668,0.7626231604209159,-0.5129901764291517,-1.763085632042336
-0.43578531386645414,0.42789778113409044,-0.003604738499117799,-0.9958896911399919,-0.6880325336381989,-1.0,0.6262428316178709
1.0,0.3898991480283287,0.4340514760586873,0.5541682050667596,-0.5687093143215515,-1.0,6.590609959937509
-0.4367953824607044,0.15332260460346123,0.3627008948310402,-0.2429309231514417,-0.7061858303429792,0.3915743455627807,-1.1921682074196198
0.5153430879951195,1.0,1.0,1.0,0.9405675356111651,-0.2745020989793936,-5.857471978507449
-0.7818989678517024,-1.0,-0.33976126585148586,-0.6504658450492926,0.31131249978298203,0.19705973050138623,-1.9365598391419692
0.952902141482134,1.0,0.8790105330761118,0.38884118039975357,-1.0,-0.8647329270559982,5.095491288618354
-0.46437832409070273,-0.5695221948194906,-0.4278658458946697,-0.357395912090368,0.5953194635189376,-0.2684588974686957,1.4814222207129424
-0.31270419131687643,-0.7739842178684491,-0.06736752165859732,-1.0,1.0,-0.1706583821633086,2.0984497000561415
0.35118655088655637,0.6307749074557656,0.39075089148464803,1.0,1.0,0.9007739036927798,1.6787030279086834
-0.7670009510253004,-0.008817343689721868,-0.289782689817204,-0.7581915606946195,1.0,0.35576623164196897,2.4325620506719554
-0.5923286111662929,-0.6363228114655408,-0.3708332767244336,0.09516022786667988,-1.0,-0.19706995721331141,-1.4529522764609744
-1.0,-1.0,-1.0,-0.697297394431072,-0.8251221338612911,-0.9316889983812061,2.1113945795955775
-0.5048568456630547,-0.8216811791938513,-0.2697487313942034,0.5425010132375123,0.6765811624176314,0.3353147970210342,0.5664256974489783
0.4241579383012479,1.0,1.0,-0.40585469758613235,0.9280807197100538,-0.4907425211027189,-2.5160990530516343
-0.07847522898369452,1.0,0.4979017794691619,1.0,-0.04588257901771735,-0.47233732697433467,-1.0832052958566523
-0.601520603314483,-0.12094605649465667,-1.0,0.578924123151487,1.0,1.0,9.064288594936391
1.0,-1.0,0.5393310236798903,-0.3777403822131597,-0.5981532107863483,0.4884789897570514,2.421270342475558
-1.0,0.02660708499526543,-0.4996522885610195,-0.11596681121624597,-0.9034599141724339,-0.00745514321315599,-2.6905515527000037
0.2564540126527779,0.3832695160228204,0.9467409412991459,0.32880342359231995,0.3211196499639637,0.621396020473258,-1.122854946913482
-0.6791257627169294,-0.330492217972586,-1.0,-0.3156864502611285,1.0,0.05226422984211021,-1.1918799578916037
-0.5047098674886531,0.8767491608837259,-0.9908479178260542,0.38971060640977895,1.0,0.2620443955525008,3.8760619776545973
-0.9922125911347077,0.024056350751336386,0.23391535640859637,0.6054803043465915,1.0,-0.8205829954376371,5.5905361793803525
-0.36681006146984535,-0.15769713804493174,-0.4046266707529851,-0.9334465222249245,-0.08734667972767451,-0.48154216420665563,0.49986363586915955
-0.056359160023413624,0.41723624221266314,0.7150973734650292,1.0,-1.0,0.42593090438979236,-0.4764977406362187
-1.0,-1.0,-0.8390348261576586,-1.0,-0.09690113975396328,-0.06804360770509169,-6.218260693968829
0.844227574949315,1.0,0.9972575262380328,-0.6508642147567665,0.3950567149577282,0.1694473394453515,-3.348086393477927
0.05529385642691098,0.6321669852551743,0.3314920803482123,1.0,-0.6423133200270693,1.0,1.9185856745753265
-1.0,-0.5049515255094001,0.8585921649593239,-1.0,0.18003635271038365,0.17961060048477379,-1.4666941555890904
1.0,-0.34934504195307864,-1.0,-0.7169397853147765,-1.0,-1.0,7.449993614757137
-0.7609863921423224,0.45450588250993845,1.0,0.8786552862372727,-0.060906626832091915,0.30657769902663623,-2.7585544503891466
-0.04907539684660822,-0.9276238046025902,-1.0,-0.7233671262808705,-0.611211697931427,0.9683828724537891,3.4597579374349094
-0.00898491431070747,-0.20884194891008395,-0.488744918330318,-0.6512560529693519,-0.6861488946063414,0.0340886569272435,0.2855079099820419
0.6401548317641685,0.8082865062007254,0.7731602127555998,0.43696700668010147,1.0,0.42574848217363565,-2.725301751513799
-0.14400474957635548,-0.2059647655907822,0.0563587663724156,0.9008036502641741,0.1278625828524802,0.8461764624641903,1.131019727524982
-0.2625732643126564,-0.5714614529075481,-1.0,-0.9345632649854518,0.7011142450477383,0.32784555693731954,-0.9150628504107112
-0.08618820589486664,-1.0,-0.12611045345120953,-0.7034499910186855,1.0,1.0,1.1210308578537311
-0.10959640380700308,0.33704289438536517,0.21368173151651226,0.4245232342296127,0.771755653655595,0.37094216690780657,0.09066328544211189
-0.4302634964872717,0.09121183020314638,0.4619027471264936,-0.9484690736944377,0.4464748616244102,0.17300343364347492,0.6389120814157865
-0.548566935960487,-0.13856294703684463,0.04447073011988911,-0.7429272588676439,0.31960484264990896,0.4081715476524752,0.5279076270195387
0.3939538052667839,-0.12315209168151553,-0.9212637071825712,1.0,-0.8862711905586891,-1.0,1.7501494857337114
0.32002736400074405,1.0,-0.6553196959007357,0.4440739245459764,-0.14797993503212692,-0.13033921606070709,1.8434393411369785
-1.0,-0.6447191801624228,-1.0,-0.5265039291043863,-0.06775585632068015,-0.13165217934091467,-2.3307122818178527
-1.0,-1.0,-1.0,-0.18338381347741706,0.962612053935018,0.7495261956245898,-1.3873379518301419
-0.9030152268745824,1.0,0.08952945234864063,1.0,-1.0,-1.0,2.1603066677388316
1.0,0.7989315561486616,0.597534796705208,1.0,-0.000473549481052965,1.0,-0.49267308088945766
-1.0,-0.49940768263063307,-1.0,0.06951729962759959,0.05983410707069409,0.9223793697886822,4.860796303869076
1.0,1.0,0.05676955750541032,-0.21599810970545097,0.9518141919510796,-0.23688901167353876,-2.44385964400561
1.0,1.0,1.0,-0.023281659806206834,1.0,1.0,-5.615967408990578
0.1959422718573381,-0.0925719952971995,-1.0,-0.7185719996103554,0.042823173486277843,-1.0,2.8844263504839045
-0.4583754539702678,-1.0,-0.4481568857500229,0.5983250637858328,0.08477062469932939,1.0,2.931980110722784
0.434569850924268,1.0,1.0,-0.6752008361342792,-1.0,0.6367343626770867,0.5057909747100923
1.0,1.0,0.3772588304861564,1.0,-0.4042918048915749,0.913432126700634,3.749179011258017
0.7183348353681462,1.0,1.0,1.0,0.38281461560860797,-0.9113421145371138,-0.31201311937863196
1.0,-0.334375506294988,0.8871113524412528,0.0350433441920639,1.0,0.49846894314119194,-5.8152382628352575
1.0,0.4126775712445434,0.2467502336699089,1.0,0.361822890364511,1.0,0.6883898157510442
-0.5652949242289181,0.593985716818507,1.0,0.9000205584942296,-0.2659411361417503,0.27953788300055843,-3.412149232829239
-0.19992787712956517,1.0,0.7342993834901913,-0.8957525836479651,1.0,1.0,3.351819522153069
0.5951675443711364,-0.3980497244619091,0.19079342827819779,1.0,0.012409928539392573,1.0,2.9520886692856516
0.009597607432236366,0.807235900338422,1.0,0.1288435956134626,0.7335475457079624,0.23907111276137105,-2.1158404810772207
-0.31526876434700846,-1.0,-0.8164206925310429,-1.0,-0.7574152929933329,1.0,3.4108245404734086
0.07559394686413645,-1.0,-0.046979469605013646,-0.980695593852746,0.4350691803554091,1.0,-0.5903517499275354
0.8227263585704105,0.6286381754791377,-0.2932981699528586,0.3527418649933302,1.0,0.1961370880815524,-2.3049778305498414
-0.7810472568231688,-0.310936208384087,0.6270738449927828,-0.43189723813562253,-0.2594672405614721,-0.10453685551410263,0.24154668558466286
1.0,0.4981327265152722,1.0,0.18026676784005535,0.9969088363606262,-0.013283449217663834,-2.395825037519044
1.0,1.0,0.6583865937380837,0.03230833865874949,0.23164495634671434,0.8476139382989365,-2.2511462388155765
1.0,0.17689502735987817,0.5243834341766636,0.147929187653695,0.23967464352660545,-1.0,4.783683056147936
-0.770008858010236,-0.47773939175605395,-0.4543451366578969,-0.13282333247980227,0.08909406092610522,-0.4014305314797774,0.6014982540282893
-0.15144788720744362,-0.857614382968312,-0.8012737213763168,-1.0,-1.0,-1.0,5.363692644516943
-1.0,0.41618063375972186,-0.9876907706544973,-0.27670094070686635,-0.5860121044598054,-0.5008145396054982,-0.7345275800653567
1.0,1.0,1.0,0.7743788165333181,-1.0,-0.04873192501098689,3.284572287657838
-1.0,-0.6006720190932985,-0.5489570065871774,-1.0,-1.0,-1.0,3.2379418579239165
-1.0,-0.11088384381869987,-0.9407157890913587,-0.7708604825856255,0.5590709916416265,-0.8120749093532238,4.064163357437301
-1.0,-0.5641134270053414,-0.08384614116433653,-0.7485967391836095,0.2169333740360856,-1.0,5.710141949626508
-1.0,0.3173500048128981,0.3585611574995604,1.0,-0.6284881510411088,-1.0,1.8528032028644545
-0.9518644168826628,-1.0,-1.0,-0.9846843997014847,-0.586429586768046,-1.0,3.3248851505814803
0.8655674471661536,0.2942362362346238,1.0,1.0,0.13438415797904257,-0.8141748682548985,0.9824587701624294
-0.7621499566034413,-1.0,-0.1285607324573258,-1.0,-0.5484424089591866,-1.0,4.82010505870905
-0.05372955481282948,0.4235607687072502,1.0,-0.4947917234745043,-1.0,0.978693315925049,-0.19503318145246007
-0.04573655930350917,-1.0,1.0,0.3959913099904264,1.0,1.0,0.28858212912728043
0.36891133900953765,0.07985798814794592,-0.899609185771878,-0.29328006813846486,-0.5390343440460569,-0.004660288405855084,0.19392988426457597
-1.0,-0.5458703682114632,-0.7834375311196096,-0.03880096873427341,1.0,-0.20199454096661362,-0.045763177570662034
1.0,-0.28847647591582837,0.9290417188432933,-0.4139749949388892,0.7433516351031207,-0.4363284966267042,-1.8491785326846917
0.6463680229841524,0.4352767851950639,-0.26761289388945103,0.9928358867450162,1.0,0.025340434603869477,-0.6104910496953998
-0.3030321856251321,0.04325178821027187,-0.7601578861598659,1.0,0.7481234270613848,-0.41690949598623844,0.27950112670097754
0.6154117382896322,1.0,1.0,0.11610827411630842,-0.14347090919292205,0.5160498688048651,-2.0759795852994554
0.5169884822042884,1.0,0.09498803801173689,0.2415252695098723,-1.0,-0.8801803425394861,3.003212153464527
0.20065821076097146,-1.0,-0.7348220515181061,-0.4275082485789603,0.32088223141602834,-1.0,1.9576210396722993
-0.4555124412454826,0.9063833127245722,-0.3785408444446844,0.08590474710986296,-0.8351322327267516,-0.9763240785515914,1.156506305622828
-0.8249409344511482,-1.0,-1.0,-1.0,0.3455668530540733,-0.14336199994852644,-6.6045932464455
-0.87475286380573,0.30896462193885443,1.0,0.8169734484409116,-0.9989421660554152,-1.0,-0.8304892474032717
0.8822362471506684,0.20929660550618162,-0.49477000160601176,-0.8315004702624897,-1.0,-0.48690185481853554,4.076145184453444
0.9525065128936039,-0.07785370850079232,-0.4249637283955634,0.12516090035445815,0.7408065402195367,-0.42651487095134843,-2.347927617667774
-1.0,-0.8803472938192036,-0.40841357313902793,-1.0,-0.730972788435831,-1.0,2.7078981775855113
0.7042479675278445,-1.0,0.48039141056743545,0.009480627979794709,-1.0,-0.43575720107607374,7.1688553869590805
1.0,0.05484490253196661,0.3497083276099573,1.0,-0.5962994661096169,0.22505688185177927,1.8645655890260093
1.0,0.7641139604128364,-0.01293261384860045,0.22127186417204484,0.27207105718647623,-0.1730399391354155,-0.1666541696877314
0.18639321914841675,0.7220378198558146,-1.0,0.7583810945397051,0.10744615454370243,1.0,6.115423900641998
-0.13434278541767086,0.1859772892895773,-0.2178677964895862,0.5286599231235102,-0.4263485499070087,-0.28572577003013866,0.2700492961491333
-0.9712329145533725,-1.0,-1.0,-0.17228280312005473,1.0,0.16177266007825275,-4.815565466070849
-0.14434789266118253,0.8160867203146724,1.0,1.0,-0.2543245482487778,0.5397032349356506,-4.345177677731192
0.17437400819651316,0.3035922271887011,-0.3706856767645958,-0.04115641731002395,0.5365935556465797,0.40867608594004756,1.2726187309535895
-0.1423816281461737,-1.0,-0.23412725292190847,-0.5757704532687452,-1.0,-1.0,5.675410736811211
0.25775344870999195,-0.5845505691391814,-0.1617523737331369,-0.8671887558940401,0.02442572764247758,1.0,1.7892233192672642
1.0,1.0,0.9236160725661589,0.17818299070901622,-0.6599212663441674,-0.10758359754456515,0.3342858919318743
-0.5353810171365416,0.22726462709419692,0.10661689794665292,-0.37447642266766146,0.07853574928070357,0.025576334345809193,0.037374703346686924
0.6283607079136039,0.7749485380468544,0.6121272716504719,-0.2739718652791698,-0.6722092326368119,-0.8083818042936797,1.5306025560039744
-1.0,-1.0,-1.0,-0.7320728881375658,-1.0,-0.9744806607984927,1.6052440777370323
0.24801800973653454,1.0,1.0,0.27521470919560276,-0.20697131866350005,0.21003583923162772,-2.821603484090229
0.8268602977282542,-0.34766011641984074,0.40769335026484355,0.20188322006579884,0.3483354668796471,-1.0,3.5801447568664244
0.2060793944807613,-0.24323459512370688,1.0,1.0,-0.10709730830138342,-0.05670347932283659,-1.0061841358778802
-1.0,-1.0,-1.0,-1.0,-0.35630582501038344,-0.7765226183551674,0.0513874914127761
0.6959570953618553,0.5223967584040267,-0.13338707352672075,1.0,0.33870971426613083,-1.0,3.9219072141964437
-0.5657901664836893,-0.02705916864581215,-0.9953934360005294,-0.22497787396553504,-1.0,-1.0,-0.02193935388983792
-0.5467678157522464,-0.4231248360278189,0.024651431139641605,-0.03786114652291914,1.0,-0.3900597014811136,1.8744946157946833
0.5280153434682524,0.9261153788282792,0.7777932242622005,0.1488583987835821,-0.17051494616479065,-0.7629930690413096,0.7922439167451141
-0.9063185062061363,-1.0,-0.6414110637969068,-1.0,-0.005425807330503907,0.3361603480147892,-5.710048555004678
-0.527913334315645,0.744043714344749,-0.32911147496670395,-0.6740960663476527,0.4918738452801353,-0.323965427020407,0.3897908565133211
-0.9760362774993556,-0.5640217599661654,-1.0,-1.0,0.3195525544936796,0.8377619340248215,0.9091720350160869
0.5249252584013893,0.07225604504782623,-0.10980421959146591,-0.0908666812055432,0.07121926389303679,-0.007018272543285575,-0.6230686986698066
0.024145426458680674,1.0,-0.1288109278896884,1.0,-0.142520777235843,-1.0,3.2207818015642844
1.0,0.17389647261527574,0.8625749445511227,0.019747862330468324,0.721441435899947,-0.6641523243543045,-0.44002355466285203
-0.5760753504594307,0.3376195797147068,0.1632569839083723,-0.5916768806951938,0.6726637334141337,0.7728341636546205,3.1193749462616562
1.0,0.8345439544893314,1.0,0.7033354350499899,0.4478215408472341,-0.8705805836150529,-1.0250017000675642
-0.2465414577788476,1.0,1.0,-0.8919017204384625,-1.0,-1.0,-5.542700557895101
1.0,1.0,-1.0,0.010187838571035002,-0.022826300733687077,0.4477361092368344,4.270716042603243
-1.0,0.4130789707272653,-0.5248383244119559,0.129808731048612,0.07622693603541492,-0.5443481528463421,0.1163695548646072
-0.9717665335909593,-0.7512076468227805,-0.4838209849019308,-1.0,0.026925098826284022,-0.2812449301612103,-2.2178094860404074
-0.6526701862200307,1.0,0.7422720046461486,1.0,0.4295851670258586,0.6306349304970509,-5.286195852257896
0.3954208319371394,0.7735784246371412,-1.0,0.17373691658077595,0.7288145124114308,-1.0,1.0116527093756562
-0.45427166505735894,-1.0,-0.8561063897762968,-0.018332565742156526,-0.6735674043871944,-0.021898340541528283,-3.4479787351435323
-0.7928861140321832,-1.0,-0.5754694602051821,-0.846019027477054,-0.6933798064562701,0.4143187229279117,-1.7144352800680138
-0.10429940870427068,0.013649887989985787,-0.1657313491358927,0.7839881736409617,0.11277996663770765,-1.0,3.102966366583593
1.0,0.8160567432874093,0.36448846855236905,-0.1169138879436702,-0.33818820051689424,0.8972087231284198,2.1329962451078375
1.0,0.20880193228015798,0.3182293762505899,1.0,0.3548388493186406,0.6980189243240051,-0.7851707827477777
-0.9164014990047727,-0.25756046051795306,0.05117681176150901,0.5353682614940996,-0.6737499632477151,-1.0,0.6325122872442712
-0.319200301787928,0.13668360992403228,-0.5079875753729931,-0.3432041082990751,0.779029902014565,1.0,5.600198839422503
0.3295150852336264,0.9107135890474101,1.0,1.0,-0.021391086225073797,-0.06119302449190811,-2.7267056170544697
0.910169521459129,0.22511507801787567,-0.15776131895525325,0.1360369325791808,0.006744904746201125,-0.5065716942195505,0.6872648546288795
0.8418662051852903,0.07417436649720405,1.0,1.0,-1.0,-0.2695411867424172,3.1901191092680423
1.0,0.9200574640282809,1.0,1.0,0.9683198530483086,0.6413316016616358,-8.951127930390577
0.20820305991516225,-0.014174517620231697,0.6247371252095244,-0.28659493103088124,1.0,1.0,0.23110847141577473
1.0,0.8360207046029549,1.0,0.6180101786658341,1.0,0.23430698178561604,-6.08135396709358
-0.3007830399665474,-0.6290123078112115,-0.5194750423745707,0.28607240216731733,-1.0,0.17884702747596187,-0.04695548571844188
1.0,0.9390027892367203,-0.42493432076770304,-0.13975370793364097,-0.45832085766838015,-1.0,4.197232544466636
-1.0,-0.13123996930016602,-0.9711843090762822,-0.9591040660612138,-0.41653265730272526,-1.0,4.725519771490575
0.9035767229881366,0.513080795356035,0.5812079057648929,1.0,1.0,1.0,-1.4283549492859224
1.0,-0.013874022362823202,1.0,0.27803259690750326,0.9660397855529184,-0.17945284063236355,-3.088817623600196
0.1534509944774307,0.1729311854915348,0.613475270152937,0.46248817191171965,1.0,1.0,1.7344406607061926
-1.0,-1.0,-1.0,-1.0,1.0,-0.8334186346634167,-1.3474881703691002
0.7314158298846579,0.8583400376092121,1.0,0.6898732360278759,-0.5511401886656488,-1.0,3.577912345382372
0.6451140006261804,0.0019890938613067455,0.5231983808650178,-0.47156113663122545,-0.3183180476321248,-1.0,4.942451907387195
-0.9275148820705676,-0.47929000652749476,-1.0,-1.0,0.7915731146835396,-1.0,5.356287500075661
1.0,1.0,1.0,1.0,0.24704020027589502,-0.09502238029627652,-3.8977743184680045
0.029228487861055585,-0.0016940189223196844,1.0,0.26792409992061694,1.0,0.024714507252800014,-1.513426636109977
0.11636425527845519,0.20262328024017995,0.4762692031525926,-0.6429223506962216,-0.559976815337253,0.5067878474080022,0.09372280280283757
-0.2242329599365211,0.09170133233930722,0.13877724951697373,-0.5053065105929258,0.6881035396489961,0.17132854206964754,1.28243188852329
-0.2161374677453503,0.08399077029572899,-1.0,-1.0,0.16774191252094728,1.0,6.308882859609848
-1.0,-0.42614461279202764,-0.47128201825475474,-0.8989899790147547,-0.6840545474741639,-0.6708462516257241,-0.14148286878801897
-0.571200722423667,0.4831451304069564,-0.36305482577870923,1.0,-1.0,-0.5239719565178322,0.18863442557627152
-1.0,-0.38546414602411594,-0.2387339149394938,-0.6032579644387721,0.8962204089777145,1.0,5.6246381728538095
1.0,0.674396462086851,1.0,1.0,-1.0,-0.16782643389717067,4.067030598373184
-0.9236178156835066,-1.0,-1.0,-0.6605895941924557,1.0,-0.7538481365945133,-0.7525201902434289
-0.9079368135400245,0.9116343200068902,-0.5819408829395374,0.18528300756363458,1.0,1.0,11.665700436182922
0.9152349161594808,0.8705198047426392,-0.8717582883536212,1.0,-0.2716364699108169,0.018179787695822937,1.9187759575851375
-1.0,1.0,1.0,-0.3847666079719205,-1.0,-0.08467890642754816,-5.586442773770767
-1.0,-1.0,-1.0,-1.0,-0.1163283006604039,-1.0,2.3984060638819433
-0.898150105390861,-0.14344863079680453,0.7062361415576613,0.06437460515656734,-0.4903731023147187,-1.0,3.001332800718451
0.9627148731142501,1.0,-0.47013092765480735,0.8403860476157318,-0.5638291305989847,-0.1510420430646973,4.676956893879321
1.0,0.5359643446630805,0.45443702734201574,0.06997850055531096,1.0,0.27986817416377535,-3.8127442697164113
0.09527494389769298,0.27405128027517645,0.87533000434559,1.0,-0.10024702735252805,1.0,-1.345772723000238
0.09766237329787056,-0.48801160051894876,-0.4104794498205332,-0.7541518159365723,0.6210015260450019,-0.1277441634126556,-0.1866016028970677
-1.0,-0.010299430856438141,-0.08623884336561866,-1.0,-0.09744087396561119,-1.0,2.9921163037798926
0.9695571759184217,0.38608929583929896,1.0,0.007171274411256798,-0.515292941908039,-0.5109717753157794,3.966069472235247
-0.15419049597351467,-0.19621750952473999,-0.01084036746600714,-1.0,0.1400400383679132,-1.0,3.889297962018516
1.0,0.5257823235824755,-0.483257775879083,0.4209835055786725,-0.4213323913630098,-0.8767776268534104,3.297166435630213
-0.6800267876006681,-0.47900669231214066,-1.0,0.007269428155660285,-0.2621063966493935,-0.14589553757639284,-0.9511908637321663
0.4747699686435739,-0.18804870583106292,0.8055615422524509,0.13563724726916276,-0.23160780046507745,-0.5004589688592638,2.183351733284095
0.8227508857493362,-1.0,-0.38224889143018387,0.8126087907864101,0.7026147046741069,1.0,2.7901133378931244
-1.0,1.0,0.2168960006009384,1.0,-0.9389961676611618,-0.5995632079008595,0.5302538446846503
-0.6998762846097337,0.6263051042245443,-1.0,-0.6860942325416775,-0.5844106387273221,-0.09683662063992549,-1.299846155590953
-0.0384906026173617,-1.0,-1.0,-0.8865745100316889,-0.9772555488955516,-0.07011967216005832,1.098306956218759
-0.33506893541966853,0.1560728897350234,0.3678898181843214,0.8018874301019658,0.00819074570173578,-0.5495065763844543,0.5664820153457081
0.5479472878620661,1.0,0.49013765931688513,0.4987475823677685,0.9793909957855209,-0.2617534512862104,-1.7954987945998637
0.39281608008009805,-0.18966023545962263,1.0,0.4645314294989009,-0.3486709213073146,1.0,-0.2165466256788955
-0.22604845362776027,-0.7019569635451475,-0.6866847406059696,0.2500999282854208,-0.911336031550815,-0.6681154905548297,-0.33943300224900397
0.06360203238947676,0.18825650931275928,1.0,0.24500366118970585,-0.14024199577369117,0.39748873668648066,-1.062214939177498
-0.8906881443731656,-1.0,-0.7838615595735885,-0.6496658523161174,-0.6476790812278888,-0.4311787671604299,-1.1356877345125347
-0.5438533103850958,-0.31952183749412355,0.25593975670656555,-0.15323275880162135,-0.4863476193005316,0.43570174736024536,-0.6437211972839588
-0.18937390350819994,0.06589061974264637,-0.6367286483849812,-1.0,-0.21642714037332422,-0.5463473386114703,0.3297630599894159
0.9739333817978338,0.9161992940875675,-0.6488417364487616,-0.7326604578387971,0.23081275862656672,1.0,6.346437537811218
0.8133295501322162,-1.0,-0.1139614701664804,-1.0,0.9829646734165586,-0.15307315677642258,0.04888598364764399
1.0,0.16858853891432046,1.0,0.8239690803303599,0.45119747922083364,0.15856381596786015,-1.8974888495284414
-0.18659417921521637,-1.0,-0.36888549741077514,-0.052702263954113926,-0.40194373414265305,0.6490599335117926,-0.9144125911138807
-0.3506050261654844,0.7955409168473845,1.0,0.26409677295831985,-0.015479172030857191,-0.9788227509554148,0.2709008242120586
-1.0,0.9301293253629783,-0.8852277169236604,-0.6781998211954139,-0.8820501951744787,-1.0,0.7762310065927209
0.8051734378801114,0.9215591387304503,0.4805273604460383,-0.3089544246027136,-1.0,-0.016196377976974374,2.113442111096989
-0.5947667571984926,1.0,0.2699971253468553,1.0,0.4021159780496081,1.0,-0.3098942468568313
-0.7114158421585932,0.010493611858091056,-0.7156052382118983,0.2587475173035958,-1.0,-1.0,-0.06849466512350587
-0.021173392776515643,-0.23461287656884455,-0.6071719253861478,-0.9367666755059458,0.5026665245874692,-1.0,3.3999509017981833
-0.9993856797546531,0.04343284787915888,1.0,1.0,0.1559248771493953,0.038102010788156004,-1.8551162049365322
-1.0,-1.0,-1.0,0.2557178937501385,1.0,0.7436139068755052,-0.15491085628467988
-0.1571070090138731,-1.0,-1.0,-0.6893707493401351,0.7870363137519136,-0.22923808726322387,-3.3723101972702514
-0.10037306709773242,0.33520987644284367,-0.6830090522521965,-0.597134317644767,1.0,-0.20095214082803897,-0.26352338627712457
0.4127205480115872,0.45516046456789405,0.55782898944937,0.1430462088685669,-0.266490722343393,0.1358517400906085,0.025548064929912753
-1.0,-0.6847648241720726,-0.12556424891144674,0.3806715440890038,1.0,-0.830683547237558,5.29905496917921
-1.0,0.2475689973723357,-0.415036272835404,-0.8324212408201833,-0.42583528090151046,-0.30505647392890256,-1.3247615687950853
1.0,1.0,0.6515670464054478,1.0,0.34836808401573094,-0.28944544530904753,-1.7007191121926828
0.16299632840936962,-0.2004353018478343,-0.024701091252966212,0.396020744838006,-0.05713429302880596,-0.950346801442151,2.676040720529638
0.5771334136866411,0.022921570000506708,-0.6676221683408913,1.0,0.23703313356838124,0.1517151353640645,-1.0185832245044808
-0.027674565582635743,-0.29653008069804054,0.5543616851645333,-0.984528262734645,-0.044960005391178504,-1.0,3.7839894019250533
-0.9139374199968231,-0.8866390359373478,-0.27686779379486604,-1.0,-0.7765281581157993,-0.2780896127584731,0.23657660865388697
0.03202546856153987,0.17772871517957634,0.07534916025861249,1.0,1.0,1.0,5.105802345601702
1.0,1.0,0.7027366456857898,0.42359336802412995,-0.12827070453783695,-0.3990363446790446,-0.43822730535693155
0.055139425399702624,0.1159179872063858,1.0,1.0,0.42196945978556605,0.07327080107834627,-1.9751639584371774
1.0,0.8847873613743751,-0.06387607426684405,1.0,-0.8624375114321896,-1.0,10.966649196631646
1.0,1.0,-0.4443873286696411,0.8693143940125151,-0.24196794732002763,1.0,4.850447392344455
0.2847188170328424,0.6920823768987543,1.0,0.08925929718961789,0.37247288621388963,-1.0,0.30002949066548057
0.16835155597415427,-1.0,-0.4217063145232893,-1.0,-0.3262950040163992,-0.5952083829813195,1.9637920249308956
-0.9463429674486581,-1.0,1.0,1.0,-0.568171655978559,-1.0,2.146931116934121
0.3901074796364177,1.0,0.7467919039240187,1.0,-0.49897866320731915,-1.0,4.07582978741127
1.0,1.0,0.6713651336392161,0.7349320474424612,1.0,0.8225965937385564,-5.141434416156843
-1.0,-1.0,0.5240459098607281,-0.5331775579434768,-0.24334055741388994,0.4789028773373071,-1.3090266344374728
-1.0,-1.0,-1.0,-1.0,-0.5530194072043562,0.6391542967317855,-4.709350624263546
1.0,0.6428554415195482,1.0,1.0,1.0,1.0,-6.850036277123754
0.8818486981555338,0.2722784526730845,-0.35873938632021596,-0.020190241257819985,-1.0,-0.6777478478941876,3.578349874294793
-1.0,-1.0,-1.0,0.3670311863036366,0.4900346787838911,1.0,3.759704850306255
-0.17524192540825356,-0.45826156081005953,-0.1741879950628581,-0.7764735328512231,0.1363399314399555,-0.251622019865378,0.008324127248393764
-1.0,-1.0,-1.0,-0.6440604703053066,-0.3253034864415063,1.0,-0.4869852241965567
-0.1293785487592557,-0.4453353921683685,-0.14338530151610313,0.2191524732898561,-0.05352735659068131,-0.2640225671898955,-0.1262958395208203
-0.6420971725130246,-0.1219163722882809,0.0624260853179634,1.0,-1.0,-0.5119474692062991,-0.19600459788719102
0.7278353934950799,0.9662920448754186,-0.04247404169319796,-0.3012184260757051,0.7463459714986806,-0.45894342795072374,-0.18904638687059927
1.0,0.8478539957529692,1.0,0.3614324023522377,-0.1421113150434561,-0.13245927086391335,-0.7717643416499129
-1.0,-0.6585653187549485,0.49329935697887617,0.43415096628175714,-1.0,-1.0,0.30283590747195377
-0.7792104801190841,-0.4708673334965576,-0.8801821492752008,-0.2061941435959398,0.03161845951016207,0.9601759563536812,4.572976964095037
-0.1716890231656875,-0.7291447230327978,-0.012103459349827067,0.862184781256381,-1.0,-1.0,2.6261224122705675
-1.0,-0.5795810721056285,-0.8070336374318776,-0.9879902738571,-1.0,-1.0,2.606489671079451
-0.4720396974018537,0.7508332076398038,0.8956214288280382,1.0,0.7324263758528812,-0.16434037985290717,-2.691523906836039
-0.6354100134807505,-0.00884234827775976,-0.30513042361821596,-0.9146154535765556,0.08310984665648924,-0.11832529954223814,-0.14588624607544012
-0.254767573321548,-1.0,-1.0,-1.0,0.07524675509499235,-0.4101508037378503,-3.3602243020404936
0.1037969947134898,0.7599955050798504,-0.44561542577116703,-0.012741200210614978,1.0,1.0,6.464391906331318
1.0,1.0,0.038533640136747094,0.1678047213289089,0.317151010696994,-0.6034892246603724,0.22383971767843358
0.6916546447558907,0.6506964803750535,0.5015907548058085,-1.0,1.0,-0.04760770508047041,-0.8030273651321047
-0.31461444608693623,-0.6196008869720595,-0.5750221554930002,0.5609075075819299,-0.9600756729256406,-0.36538924302084197,-1.0849708350781662
-1.0,-1.0,-0.7541241444010642,-0.22545299211956782,-0.5738015359360312,0.08560072456988113,-4.0224198531801765
-1.0,-0.17791500526478637,1.0,-0.49484794465939896,-0.551163412148231,-1.0,0.7039258560810537
-1.0,-0.29483453492656353,-1.0,-0.11801463372953597,-0.5441474549057557,0.940544386225239,3.749332792953819
-1.0,0.1587391940543561,-0.9169370526556917,-0.28392957598614954,-1.0,0.471252408325777,-1.2763861771660052
-0.4870588112267973,0.10688955678417095,-1.0,-1.0,-1.0,-1.0,0.30699373236623706
-0.37177707091661283,-0.5639736211250226,-0.07383370652086071,-0.8150788649663175,-0.7039567164722074,-1.0,2.2834488973931855
-0.801400143770119,-1.0,-0.3335387615948935,-0.08525789724937649,-0.306348867597541,-1.0,3.1291771898793495
-1.0,0.7849055324283359,0.9498504452245954,0.07227397411989234,-0.7364056733773299,-0.22313223232847057,-2.5367071963432073
-1.0,-0.546862585151597,-1.0,-0.7274035861977235,-0.5634616597589849,-0.8507788682873532,2.7289990955578003
-0.15666108301279413,-1.0,-1.0,-1.0,0.2685392112126359,0.11842091772714392,-5.521297775680944
0.32298353200936225,0.05511418989327299,0.6874575221927224,1.0,-1.0,-0.1307445836178197,1.2588599800468367
0.17554491787494841,0.22934261638316344,0.20993622465188377,1.0,-1.0,-0.4953369939888066,2.310648544866013
-1.0,0.25032201469001036,-1.0,1.0,0.5170730349915906,0.2245971652532457,-1.1500218259655366
-1.0,0.7711120340694223,0.09105801565805893,0.23673506444155912,-0.8667404550437117,-0.9780176679704203,-0.4393620965323599
1.0,1.0,0.3101309942365351,-0.29759018638588625,-1.0,-1.0,5.105168040620427
0.5768793695191263,1.0,-0.8624641579230679,-0.14873203586071004,0.9144786492163843,0.27843612220204894,2.6804900968478016
-1.0,0.26829854711232165,0.4754898598589903,0.047702041110323945,1.0,-0.7813125737467892,3.361094010197148
0.6395253014640784,0.23382049241940306,1.0,1.0,-0.5885512511816244,0.4575528482187478,-1.042495195897105
0.32008287005159053,0.5464467811477014,0.003636069071117909,-0.7886715366819214,-1.0,-1.0,2.5844151284615533
-0.28740790272894634,-1.0,-1.0,-0.2630346606093388,-0.8921845707606351,-0.24474317933500578,-2.476817699751091
-1.0,-0.8266467575126899,-0.46211219870380216,-0.7789828693730542,-0.50311657223657,-0.13285411219928855,-0.506085807752605
-0.025901384853204923,0.7514533574757138,0.026235287904879723,-0.1807943788399219,-0.8524107248407532,1.0,4.485813423563888
-0.6191988714760814,1.0,0.6717454964760284,0.566467824574051,1.0,-1.0,1.2483436770857663
0.29094483897485285,0.16744178475860477,1.0,-0.31702724889638095,0.7460483931109158,-0.8646401138463872,-0.3220826857735909
0.718765392308352,-0.18674656674987827,-0.7002901023246008,0.9838798941501525,-1.0,-0.5025022561814029,3.2820254686086305
-0.6204605245977617,-1.0,0.13489168179644878,-1.0,-0.35116885130285785,0.025657874486670007,0.573795455937723
0.7798978624810264,-1.0,-1.0,-0.44837811246350245,0.2501811986040312,-0.18766518863984638,-1.7816996286696947
-1.0,-0.9265224135609416,-0.21682060755214572,-1.0,-0.7334297855595293,-0.5260639075243279,2.3988387297353486
1.0,-1.0,0.7482586576172863,0.5045763949067248,1.0,-0.7301232032686019,-0.5218009771395666
1.0,0.6766761497636862,0.8882773176387495,-0.28408629865387536,-0.8822037246098332,1.0,3.7636323468134614
-0.8252210672432936,1.0,-0.5459731020016814,-0.2210070401922659,0.1949814463500934,-0.0085142160291235,2.1181119668696886
-0.573520985985222,-1.0,-1.0,-1.0,-0.40315963718459,-0.7681502153674887,-0.17482767768038376
0.009237005570734702,0.259566855262804,0.6705566979831832,0.38042121206540835,-1.0,0.27696168272615085,-0.25907107128605567
0.07065080640757126,1.0,0.4792858408182461,1.0,1.0,-0.9056513773854776,-1.0795599861450338
-1.0,0.5762156061918621,1.0,-0.6573655045213332,-0.5192086850239519,-0.885404858484989,-1.8391268198921804
-1.0,-1.0,0.08456269628727275,-0.08743429982051865,-1.0,0.424687714106466,-2.2842115008922597
0.9859613617854421,0.7862205725526609,1.0,0.31936725110899,0.18363496970858573,-0.21229582674051542,-0.6592773248593371
-0.8778091244401638,-1.0,-0.6254043097824722,-1.0,-1.0,-1.0,5.687095070103913
-0.17718006927279595,0.8418006712088042,1.0,0.3453539800350438,0.5936577146678227,1.0,-1.55026376469986
-0.483914393914632,0.09241431615191942,0.4103557698911442,0.09235607494476783,-1.0,-0.2772172257899044,-0.7387318303025943
-0.6936530205412684,-0.9430991829928379,0.44046839656999487,0.6714413053542913,-0.8787818109185159,-1.0,2.3132780688387107
1.0,-0.35744674767805273,-0.4547779445126572,0.22632794757180824,-0.8896470029788672,0.6613258343326431,3.902150285513686
1.0,0.8388260599866568,0.4159823122704813,0.5333651188606732,0.7147432724572652,0.39753585713647044,-2.735180694536376
0.15913842263954503,-0.9596772189203193,-0.6716905055806359,-1.0,1.0,-1.0,3.190370011660347
0.43481294919786184,0.9198662460484086,0.5034525051674603,1.0,-1.0,-1.0,6.607264380239644
0.20688912931061565,-0.05526803846157624,-0.42254664324774893,-1.0,0.21003982409992944,0.850192789018531,2.1825398944184817
-0.2040841669293041,-0.5334276689572741,-1.0,-0.44069464822759974,-1.0,-0.23465501514181836,-1.5976820818854625
-0.6399046416941695,1.0,-0.44370083185355724,1.0,0.48618693739608904,-0.9040115934021803,2.73398720329012
-0.9967278001691601,1.0,0.9786479560155312,0.007034985629277735,-1.0,-0.10541177553036007,-4.817146043282285
-0.16423531636821292,-1.0,1.0,-0.8971390069290259,-0.9172020669087007,-0.8937230730174304,8.577935230060694
-0.6620989760448222,-0.6918325234363275,-1.0,-0.9103679052657644,-0.8538639056166215,-0.9620822370804853,3.9910256801702433
-0.24160571231098604,-0.7089517627052183,-0.15463984943516612,1.0,-0.7041055588461296,-0.15456405102315937,0.6705758848508392
-0.14165777627198506,0.03507739314290034,-0.4017061542964743,0.5391601764250313,-1.0,0.6043839969342695,1.0916474655510284
-0.07855266431436414,-0.13304308840314127,-1.0,0.4157595268358428,1.0,0.6704365177913922,2.947030547419625
0.06695356987828394,0.38949279528214203,-0.12064947455008412,0.33119500684449743,0.862476203382321,0.035679370316001324,0.4818430733470995
-0.673784034322779,1.0,0.4238822335914514,1.0,-0.32309720748057885,0.6323834125689676,-2.7434027412550415
-0.09855299479564095,-1.0,-0.7356879548872235,-0.1219024997618825,1.0,-0.3827937425622682,-1.2386864087291976
0.6430469346775674,0.9118848003169576,-0.5688090113094754,1.0,1.0,-1.0,-0.8996360354877608
-0.13101187675674325,1.0,0.8211492838083161,0.4670105158782367,1.0,0.7604276089940871,-1.8418189037035253
0.03854164779523961,0.5444587980062462,0.8386900587051094,1.0,-0.5065378403050538,-1.0,2.2196431417297324
1.0,0.3698146881653017,0.3640763753832714,0.6538156117001797,-1.0,-0.2153767697064708,4.505341181945789
1.0,-0.7165269270897855,-0.8634662753993322,-0.461538926098756,1.0,-0.40209957486152625,-4.041172951272722
-0.170002896996444,-1.0,-0.4231998106458812,-0.7534947530172561,-1.0,-0.6555826702357247,3.2860418411738905
-0.7825864172498448,0.4384930189079811,-0.25377949895897933,-0.4374044243417652,0.3774860632731486,-0.5308214534453704,0.9578568000627716
-0.2360721286269839,-0.040599884517225626,-0.6950525619295963,0.6034017063878481,-0.5302353406320246,0.955572579985132,4.162606234175672
0.386918617599732,0.4877727005584287,0.405991420271641,-1.0,-0.9352146224445674,-0.6082113565717214,3.736943903032995
-0.1119918318626335,-0.9859818822071689,-0.2067547800458125,-0.04750840586092575,0.9954856397588892,0.1147066864596058,-0.2969778598835624
-0.34104852551565235,-1.0,-0.1907334076337842,-1.0,1.0,-0.7649188565721221,4.585423449580367
0.07093826196699599,1.0,-1.0,1.0,0.10889996439212712,0.9840952727489158,5.214901684994815
-1.0,-0.8695074467275246,-0.946784551162474,-1.0,1.0,1.0,1.4624702304513877
-0.52361130000421,-0.30240946094788734,-0.05618240143647801,-1.0,-1.0,-0.4468475646021963,1.4889824428751726
0.5501338684534206,0.9582376848295246,-0.24411629835952053,-0.5943251545072207,-0.10243033418002745,-1.0,2.0911178668008725
0.7177647511294354,0.027849238946882737,-1.0,-0.304653349277483,-1.0,-0.8544639480766696,3.224581035970231
-0.5329651683136574,-0.20437747277076068,1.0,-0.19966687651977988,-0.8830161214242322,-0.5527611138700546,-0.7921323217093558
0.08186236727225937,-0.9943465544293744,-1.0,-1.0,0.7308844769257224,0.5490454962869815,-4.899575835108415
0.4091041351519167,1.0,0.48818584862115944,1.0,-0.1133966381403283,-0.9844158461548759,3.670421005996814
0.4322373170728182,1.0,0.7926595583254732,1.0,-1.0,-1.0,5.2740521262865006
0.7711801662199925,0.3669178288398185,0.07095075276411544,1.0,-1.0,-0.4878582646016141,4.918898923002327
1.0,-0.5495452799595517,0.6939015237323296,0.33521056679666683,1.0,0.9392883825732817,-3.070423263371224
-0.7111445207202399,-0.8442316259904944,-1.0,0.02708174504797045,0.20537961597492227,0.1762129856411822,-2.039077891067887
1.0,0.46592176705213206,0.8604546416189003,1.0,0.8849778661654679,-0.21405445419483748,-3.2369794198126085
-1.0,-0.07289051347950326,-0.7545924092886953,-0.45904328209470235,0.04703315200879299,-0.020974921880282826,-0.08230295616327188
1.0,1.0,0.6571711330759744,0.3394235078067639,-0.8104373771595691,1.0,3.25792995954897
0.7611953914611265,1.0,-0.4558510247169829,-0.5740835762385875,-0.19077096643251779,0.28013921955799437,3.129553641321449
-0.6191312779785464,0.08092567577102974,-0.9749383217511689,-1.0,-0.021774028482882457,-0.5311084859058699,-0.5019484665395293
0.6498067065274475,1.0,0.6324216250421527,-0.47173539341808574,1.0,0.26430880376123755,-1.7681518546675854
0.15855069105677133,0.8042528416358912,1.0,1.0,-1.0,-0.5467891033416312,0.38030463804974
-0.8405417429082542,0.12927724081056507,-0.22969470007513781,-0.181310693578552,-0.3593193246446652,-0.7976245502548627,1.213154065807569
1.0,1.0,1.0,0.8142362067008331,0.6216759913050581,0.6136839517598671,-7.05405812601544
1.0,1.0,0.9749739085999011,-0.05772197482134023,-0.5023691492702902,-1.0,2.0886657005136415
-0.3389602301175854,1.0,-0.6531817389553226,0.8064231228303653,0.45050688101997005,-1.0,3.048318258933469
0.7809582899586104,0.16834285864331314,0.43049654258291725,0.9907936654105519,-0.6603537935212034,-0.23419116189107125,2.6352137444349992
1.0,1.0,0.6077123788668695,0.4585798778229493,0.6689010600989005,-0.8299580682823602,-1.0288045423437202
1.0,0.9842819684907853,0.7055718273380578,0.2006723934495538,0.9282970997179638,-0.06373465896949149,-3.7229647280044205
-0.5280976616373518,-1.0,0.8972952108675499,-0.03067794764633336,1.0,1.0,1.684876822562414
0.9997103977629722,0.5791017246087268,0.8712540355551059,1.0,-0.5980133052282395,-1.0,7.704393787153503
0.6951828738150329,-0.1681930734498457,0.7941607424204138,-0.8516916277302473,0.8170020861585963,-0.24987667743372777,-1.0874101171493935
-1.0,-0.5015629951987407,0.9480239331371367,-0.323696035252791,-0.9898561421266199,-1.0,-0.8179666394716831
0.8062268770566514,-0.5382276056468134,-0.13157912414693151,-1.0,-1.0,-0.09939072652273977,6.228507149687372
-1.0,-0.6367911740662109,0.1497818396914172,-0.6293755217500916,0.6107484864863967,0.5009698657179256,-0.12670882768974523
-0.6876120524936258,-0.19377862470658047,-0.9284715973299866,-0.0048247253004154445,-1.0,0.7106360626751903,1.7245325750116396
-0.5896140102581765,1.0,1.0,0.11051738547240031,0.14002971815427978,-1.0,-0.14519252994784115
-0.5802513199848809,1.0,1.0,0.45928217702777974,-1.0,-1.0,-2.4539903330517414
-0.4210769549164175,0.20496884630518453,0.8518082960093227,-0.8866356286535416,-0.6278286591722964,-0.04207804749124361,-0.5877033501339081
1.0,1.0,1.0,0.9605423294891591,-0.06909384733676015,0.7331599516313344,-4.447943840691752
-0.6065978669975591,-1.0,-1.0,-0.945180986073691,-1.0,-0.6557861624055805,1.1803471560238092
-0.33312084718204027,-0.32781743877846625,0.8996465521405802,-0.5404566275271402,1.0,-1.0,2.336745349470707
0.7026014798716512,-0.05941506557521298,0.37686934039853526,0.5904148363159921,-0.3771581614638515,0.4357678971799741,0.7639007511332058
-1.0,-1.0,-0.9759716648660557,-0.8326569388743663,-0.7382987693321508,-0.15027104881916514,-4.321209020426219
-1.0,-1.0,-1.0,-0.6835641589808685,0.9371200720026667,-0.09140956107990628,-5.948362548773715
0.1615095959332954,0.31559539658374497,-0.20025621217753176,-0.7359612179793389,-0.6888002704845656,0.34308307637156243,1.9533402067977335
-0.8420568884824484,-0.3589248574747481,-1.0,-0.46561011682345926,-0.9334358687187942,0.062465288361939875,-2.617708716167453
-0.15646893426467096,-0.7948019243435439,-1.0,-0.426460788508085,-0.7075775962521467,0.13969156885877015,-1.8796797817291178
0.5881108125893055,-1.0,0.47978229906360276,-0.03038483188472174,-0.4527639686670123,0.5729311691652657,1.5648616288212331
0.5850809433713582,1.0,0.18026008910686755,1.0,-0.5009716522238088,1.0,3.757916581910914
-0.929309316835998,-0.9011917860095979,-0.11341782371428155,-0.7788156341594499,-1.0,-1.0,4.012860642671053
-0.40407969272051025,-0.30518713649806495,-0.6747304547012555,-0.3253623764787129,-0.649229008318383,1.0,4.210852053216177
0.5313969758087458,-0.46446261477351997,-0.31206348457573363,1.0,-1.0,-0.2586613109481579,1.8114966322018855
0.036997833464467084,0.036982878897268034,-0.21569026200792116,0.36768990882531405,0.6684695558681011,-0.7948683483065578,0.6981766940039631
0.28514114854201145,0.7355031732625581,-0.7074170537076666,0.5842600479283223,0.7199632615873278,1.0,5.5933536629052725
1.0,-0.11456631801483086,1.0,1.0,0.3264418604326069,0.01951203501818133,-1.9914410154453712
-1.0,-1.0,-1.0,-1.0,0.3926235986717992,0.2204441067914269,-8.287455336287401
1.0,0.7694519048533817,0.7811799071934882,1.0,-0.6455661652889346,0.6330483816667976,2.184003296286679
0.4183780350272823,-0.15179996152893138,0.031161114193445694,-0.24406546546289043,0.45789022632493726,0.6755581617063702,0.4585005980017083
0.36878970656221,-0.842904736611506,-1.0,0.08274897012726434,-1.0,-1.0,1.870503037069907
-0.5579571117882891,-0.9241785908191956,-0.7081867197350723,-0.5378582514151797,1.0,0.6461526356014797,0.2301538997284101
0.5099794981905266,-1.0,0.39091060718421045,-0.9664214366063801,-1.0,-0.6543589362115128,11.92601065039664
-1.0,-0.4919898423593432,-1.0,-1.0,0.6630320973044922,1.0,3.58365923507386
-0.4659514244851138,0.5753544120631617,-0.3809068121558207,0.102478762244396,0.47995123736992945,-0.02927473340331091,0.03849982840566035
0.1203628157102744,0.24918546798934543,0.23503023350996982,0.5143771937888517,-0.2221077596382064,-1.0,3.66967795120986
-0.4667981593204309,1.0,-1.0,-0.04175839851596308,-1.0,-1.0,3.1824635925861102
-0.708713616349922,0.38375608497849373,-0.7209681926945721,-0.48055560116686535,1.0,0.5198415268902481,3.4073190942084515
-0.21081586355260584,0.3302480418702922,1.0,0.8052697178503562,0.43133869013196247,-0.9634271270737544,0.3430938193956802
-1.0,1.0,-0.2542939744205332,-0.876961418254779,-1.0,1.0,5.894443080487798
0.3565075737956107,1.0,1.0,0.9137663965409517,0.3101099872065437,0.07034265491799885,-4.54747953139573
0.17348946918944652,0.08401132803395919,-0.6594892738168536,0.253342570461458,1.0,0.13753362783572487,-1.5342028790219633
0.7565007448941834,0.6814210606096051,0.22894541421607084,0.5602356458816187,-0.06271667546925808,0.5555383260579057,-0.17311691373898097
-0.35122913401942757,-1.0,-1.0,0.32866520834105684,1.0,-1.0,0.07990454980574486
0.8541734295494532,0.08080273746266542,0.11628630448672511,1.0,-0.6288818823896085,-1.0,8.333486711878912
1.0,-0.04536864568963575,0.8896697623175054,0.9865651788628137,-0.21502963669068254,-1.0,5.144189570523067
-0.7255126064376383,-1.0,-0.6209115158493295,-0.6711371022327941,-1.0,-0.951926468123888,2.6479241896621084
0.9994545572636949,0.4621493157972031,1.0,1.0,-0.6415773760892642,-0.4262276481025198,4.962438569243391
-0.36260710609167424,0.7256846067899169,-1.0,0.6739356174519452,-0.32916965612613514,-0.3336394625885595,0.0007812720537642148
-0.2485532296212361,0.16192739278284862,0.3952026070685104,0.008490628531701419,0.3699966904570664,0.13623514951952376,-1.0924077357050312
-1.0,-0.16838896276100057,-0.6614633185332403,-0.5382455895496796,-0.0974709971392379,0.3431191617336408,-0.9320191323441391
0.8632744982538594,0.6333637493461586,1.0,0.7524778898866391,-1.0,-0.5898893098219755,5.346049211202562
0.057511774400160656,-0.8449425509301901,-0.6540254530714049,-1.0,-0.7177652136956085,0.16525853461759465,1.7519574754507645
-0.06474942332557175,-1.0,0.6624240363142582,0.05141481658339657,0.23916838059992346,0.8866552517852813,1.2260051766660562
0.3636748485745751,-1.0,0.06310396432495909,-0.7376950320896523,-0.4783062957895734,-1.0,7.313126724405549
-0.7599260912824797,-0.1507054986086902,0.48552069364171246,0.146809051632244,1.0,0.8591895944647594,2.47723974223556
-0.9007345996272539,1.0,0.3912926216052961,0.3235584842984762,-0.7733773125248307,-1.0,-0.5870595024991763
1.0,1.0,0.6560360003424124,1.0,-0.898809256329373,1.0,5.518322989312195
0.3630844527203634,1.0,0.7112830306082689,-0.8228442691196837,1.0,-0.8166494817499723,-2.2588473737155743
1.0,0.13636524694924196,0.8549984749075052,1.0,-0.2040528832618853,-0.6164832797324532,3.344370327653749
-0.7789016402413012,0.19108215949903504,0.8453920123170874,-1.0,-0.8194823623289601,-1.0,-1.017956085181694
0.14011849053661368,-0.9022144075127775,-0.45929144106060577,0.3555859568360772,-0.46410296378020377,-0.2607001879833386,0.0661117885212048
1.0,0.05593059438635506,0.8213791526325521,-0.723275323605724,1.0,-0.5309550901265796,-1.0067048598143904
-0.6153044233545406,0.28214326266228057,-0.1966933941713297,-1.0,0.17098521410674145,-0.4893908765068329,-0.19859594118088297
0.40951549244593766,0.7548717527268045,1.0,1.0,-0.2999015583919028,-1.0,2.031727908412867
0.0748005294183664,-0.2794690773397617,0.816107465332648,1.0,-0.19611842182938832,0.5623073595213002,-0.5896298665898277
1.0,0.887201684668804,-0.9440042971388205,1.0,-1.0,-0.7528208823927716,8.357953673732558
-1.0,0.36253930600208606,0.09170399513527058,0.35874620653576267,-1.0,-1.0,-1.1522939071212692
-0.4295867369690307,-0.0033695776618403728,0.08434637279496371,-0.2860747588760404,-1.0,-1.0,0.06556750642084544
0.605063929994714,0.9207050268807978,-1.0,0.5663182874279892,-0.09279583396524094,-0.37249646789111335,1.2087283954653012
-1.0,-0.07348048363152015,-1.0,-1.0,0.19467830242224649,-0.8810467681656499,3.22782902225665
0.7946218452342507,-0.47484147322969494,1.0,-0.3617383421779278,-0.05969799172506485,-1.0,4.889071710130724
-1.0,0.27312963100857685,-1.0,0.3765568404042943,1.0,0.48451348143273876,1.2996851075093192
1.0,-0.19533932803238313,0.6117157165585276,-0.8923624223110013,1.0,0.2441279173555464,-2.970144645279109
0.11374383220228135,0.003911824333353658,-1.0,-1.0,-0.008085571197894659,0.7648599916103485,1.874715144375302
-1.0,0.8648924886182272,-0.14882795206291455,0.2546294851620784,0.48692882631019035,-1.0,3.5795496750090248
1.0,-0.2864623928525508,-0.3334705550545668,-0.041125576601355296,-0.895752253790403,-0.018873358730712386,2.471200949807658
-0.8250365900740156,-1.0,-0.5219314838001854,-1.0,0.01594589697606774,-0.23548746671802578,-3.1092655989605533
-0.9747792660243544,-0.34343723708168294,-0.27702782705328677,0.5930991172666018,0.050901906948972675,-0.6817796761511937,0.6902680804964572
0.0876603923481854,0.5732870844277117,0.5011772463356159,1.0,-0.5363251859011166,-1.0,3.436450160982491
0.557243062154501,-0.20675240033441938,-0.8135287784395953,0.21404335893277265,1.0,1.0,2.6185248165813997
1.0,1.0,0.07939505265357605,1.0,-1.0,-0.20648483547306395,6.542949985196457
0.27283776827640827,1.0,1.0,0.30536157828272725,0.13293075257429043,1.0,-2.9540501557582686
-0.48583549382580815,0.05494803023631478,-0.8222480997143257,0.13012447531951166,-1.0,-1.0,-0.22386568055069872
-0.30745291538787867,-1.0,-0.7046871929472206,-0.7518091047483852,-1.0,0.10924198219870233,-0.3086936624396893
1.0,1.0,0.2189414397913454,0.655301938331935,-0.1521400386235339,0.4711862692394142,0.06115944910231541
1.0,0.3394527492381385,0.8283020211928882,-0.8132091496349263,0.8406309321396828,0.3705625443149422,-2.7321459958527607
-0.07152445674665242,-0.09149840223437544,0.06751015426874979,-0.1819935551170626,-1.0,-0.023536603068251782,-1.1049607952014717
-0.7899887351497485,-1.0,-0.8447313459431981,-0.43178757277883917,-0.026778452752303034,0.8010885340908858,-0.5051320398083964
1.0,0.7905208405293813,0.46765602414908813,1.0,0.32393985529837316,-0.743615266962603,0.7711374566188032
-1.0,0.17324778744845926,-0.2904252951144598,-1.0,-0.9638963793133452,0.933190788601238,3.1676787122222283
-1.0,-0.8121602679097278,-0.23040259901548282,-0.7988019838244123,1.0,0.011950494434787684,2.7559337746034585
0.69435150104646,1.0,0.14108498164146044,0.3358324300609033,-0.5936433589201455,1.0,4.41433610368595
1.0,1.0,1.0,-0.34097959111867665,-1.0,-0.16364086136130324,1.4784584232814941
-0.6559608721848262,-1.0,-1.0,-0.7262507341371716,0.9857303070440276,0.7775519421413808,-1.7695929998732445
1.0,0.12378223098464702,0.5577873986152277,-0.18312361759017512,0.18712842966861654,0.44770401551581385,0.002258679191959212
-0.5109384139306559,-0.5189587016073001,-1.0,-0.4037012855625164,0.16872628192944839,-0.009115403416149748,-0.8865561034330361
-0.07336174504608012,1.0,-0.044959232712365516,0.7645563053245016,0.03133235517792343,0.24192688784154126,0.16304568450074364
0.9813338928378439,-0.041414906457110545,1.0,0.24761928226256666,-0.36258008007099773,0.9232357662952988,0.06898518873364798
0.48597713846022284,0.35722589401431687,1.0,0.9059347290169488,0.1705532240311783,-1.0,1.7364965942323702
-0.5769549457225953,-0.622331733021152,-1.0,-0.12230827523349674,-0.42057184930966,-0.45294045740042527,-0.8795858111926942
0.003533250049981604,-0.691646905283857,0.19218458599961635,0.7385731191556568,-1.0,-0.008821019356350157,1.4703624384573806
-0.861674137307905,0.7772523662076445,0.9196424194130309,0.3928835630837978,0.20380879529314033,-0.6571078647848542,1.2246779339018858
-1.0,-1.0,-1.0,-0.15603921139995625,1.0,1.0,4.018832049123535
-1.0,-1.0,-1.0,-0.005037035305060167,1.0,1.0,3.5937185983129036
0.1949459460489796,0.7790174587255573,0.4890119302534567,0.5512358691510189,-0.7177086391026231,-1.0,3.9268510899383338
-1.0,-0.4667987636370321,-0.23338646911163735,0.0668367330455758,-1.0,0.26067001472469475,-2.925243320906154
-0.005412779859072847,0.23366528664949182,-1.0,-0.39395682739459403,-1.0,-1.0,0.872980444756364
-0.9373845697450556,-0.507604166146338,-0.635145981698412,-1.0,0.7566042595218757,0.9269690681804885,3.663033841533206
1.0,1.0,0.9583081884752582,0.34143054566853803,-0.11710163965561343,1.0,-2.8804597436336796
0.2517865922619358,1.0,0.892817777311514,0.24120082638257534,1.0,-0.5698823691377982,-1.159524469478498
-0.2426804994862982,0.20806079377253808,-0.12453562748726232,-1.0,1.0,-0.21086625059322067,3.0594147617921528
-0.9951060685496368,0.007056940180214799,-0.8044150345329074,-1.0,1.0,0.6880536326594375,4.8991024950423
-0.7154804051434102,0.031705102360071624,1.0,0.8239260660218937,1.0,1.0,-0.09032689083338298
1.0,0.05259612784863443,0.2218370454332237,1.0,0.22623229565437358,0.44837895130736727,-0.44227098633489575
1.0,0.7385280034074718,1.0,-0.24348257301816123,-0.24349145362045865,-1.0,2.220761978328298
-1.0,-1.0,-1.0,-0.013046450420693079,-0.30122449679289875,-0.015741114250628074,-4.788699968977873
-1.0,-1.0,-1.0,-0.05017758217122126,-1.0,-1.0,-0.6518000756877855
0.19647795131976653,0.2595012132781447,1.0,1.0,1.0,-0.9884263086361084,-2.4351140995016594
-0.2522174918705595,-0.8592459916082479,-0.41018360362907325,-0.7264667220164782,-0.6075372460058115,0.4537762313593024,0.04903060997073677
-0.36126782675836155,-1.0,-0.8285573562391717,-1.0,-1.0,-1.0,5.695795644830342
-1.0,-0.8299698261311437,-1.0,-0.059989165311748804,0.9256234820944191,-0.8347341326363663,2.2874674565638475
-0.815183628806604,0.0856423347921994,0.22282742539435513,-0.9085190127122933,-1.0,-0.4505577178069333,-0.5203325910189687
-0.5907380454334455,-0.26595782594572237,-0.8273688474536871,-0.7176341308198719,0.5644772307075161,0.04536337994245354,0.32222103187222395
0.21090202023451265,0.6313299349915451,1.0,-0.4382604359247493,0.004995813581239794,0.6172782677609425,-0.43570565480141576
-1.0,-1.0,-0.506209110218909,-1.0,-0.5073899080030472,-0.7340263552201243,2.4121634340009344
-1.0,-0.2724866118412248,-1.0,-1.0,-0.3736547773390405,-0.26797183031130956,-1.6131243590908744
-0.05506363561418426,-0.287916217913332,0.45984855408548664,-0.5140012896103244,-0.21261631811310255,-0.40868674327352883,0.7153512727012433
0.2728992792452004,1.0,0.11539688778988855,1.0,-0.3661293541081459,0.5970095986187369,1.401459684861887
-1.0,-1.0,-1.0,-0.2483552045418579,-1.0,-0.8205853353912462,-2.0090889888961834
0.28236564160688926,0.5318885320124019,0.2637651390894351,0.6807401779889877,1.0,1.0,3.2639133114024905
0.07851266124341993,-0.1197224289867912,0.19382405851811335,-0.6913607414897929,-0.8225299017804248,-1.0,2.465703725276443
-0.02059739139079153,-0.14644728897979475,1.0,0.08217456763086592,0.6844102409724886,1.0,-1.5560193083315657
0.08490573315416938,0.9960667645408784,0.05742637698874431,1.0,-1.0,0.4528165437901016,1.8877040763530293
-0.840255349153392,-0.12992098234757143,-1.0,-0.7662121283514973,1.0,-0.8819125769744555,4.095372583746419
0.7874726109020377,0.2556570397835706,1.0,1.0,1.0,0.06598385210589863,-4.414669032329015
0.7982716852994833,0.27515719642860487,1.0,0.7375314718319995,-1.0,-0.4323875062834307,3.8300214831938924
-1.0,-0.1254286688003854,0.9355500415420962,0.6611993929087829,-0.15117533460774246,-1.0,1.9263373891820093
-0.7707708844067478,-0.3253389573695413,0.5837772737351553,-0.12093381875321371,0.5139957152887067,0.38310266821943867,-0.3121976408524572
-0.016774237687492644,-0.21392754212163456,-0.5253888962509585,-0.12356685077588958,-1.0,-1.0,2.3537896641514466
1.0,1.0,0.8309597409267269,1.0,0.8406997005816286,1.0,-6.632043529572005
-1.0,-1.0,-1.0,-0.6447450366702795,-1.0,-1.0,2.6189828923735448
0.6282761853805999,0.9502394991206673,0.4313800168479597,0.9122812296851187,1.0,1.0,-0.1852950585880625
0.025558144894203827,-0.8973923106506798,-0.23904195194909716,-1.0,-0.306307470795826,-1.0,5.639760090995596
-0.38772298341293276,1.0,0.5914610761462302,1.0,0.16654148970310834,1.0,-2.0110087007616966
-1.0,-1.0,-1.0,-1.0,0.5942491577565882,-0.5777287590446244,-4.182240050491878
1.0,0.3451080649796556,1.0,0.4480008783661502,-0.6422923793200366,-0.6256887328431214,5.29162177412129
-1.0,-1.0,-0.8964583661241332,-0.5251406878730631,0.707395325366901,0.8008806180517444,-0.9640872961410192
0.7774188277473636,0.48269219094764515,-1.0,0.4553419163182739,1.0,1.0,1.6428425928560277
0.7752998079952773,0.2641232030899896,1.0,0.3954484752524373,-0.400934501030797,-0.7917439077774918,3.6028041221470684
-0.5233320288261559,-0.22581336716190184,0.5798340779894386,0.403200685836011,1.0,0.808771271437208,1.4759440167131601
-0.10886007797330288,-1.0,-0.6418692552859029,0.16900461237946568,1.0,0.3480046187589043,-1.6695351796660742
-0.2693156564493755,-0.3904653688021157,-0.9881366045870281,-0.13014012222131544,1.0,0.8976812840664692,5.07768295993236
-0.9794774260172077,-0.6384532279492063,-1.0,-0.6459042999857201,0.854772172018814,1.0,4.977408121823107
0.34372592294748083,0.18843621880638156,-0.8595052270589236,0.9397112340363136,-0.09770934093266037,-1.0,2.1929806862396384
-0.9126462384151784,-0.2991180234870361,0.1513176541920823,-1.0,-1.0,-0.38917958234149164,1.3342463355366094
1.0,0.8390409085601875,0.48044446759991244,0.5779237702706205,-0.16937268732167376,0.600614626361827,0.8153689811282278
-0.4991243180698422,-0.6354179162057331,-0.042344946389973104,-1.0,-0.7461956111339533,0.5288554688994775,1.3455311646136359
-1.0,-0.19105795758280486,-0.43475084042384227,-0.4802030961734729,-1.0,-0.6569651646954702,-1.7936875950135969
1.0,0.3632369098198648,-0.6298048800459634,-0.48848698743667907,1.0,1.0,1.4003676160651513
-0.1884798327193658,-0.3796047452185429,0.9653686983399081,-0.05580273212538189,0.6552175921444751,0.12702210166631356,-0.20552872773364766
-0.10356556463266155,0.26054079820917253,-0.6158865879908564,-0.10103192329833166,0.5836724530291371,1.0,6.072342401281451
-0.5958391113731721,-1.0,-0.7711406018730436,-0.8843145893794716,-1.0,-0.06867681125595804,0.5542924523241327
0.05567636462433456,-0.1557180923781024,0.10176670375292965,0.9165225494014467,0.8725683579030431,0.9435348964598302,4.444625327879903
1.0,0.4590349275349528,1.0,0.713216857858616,-0.7684676112667908,-1.0,6.5345676402297865
0.8962226981478635,0.9345632952569083,0.9549151608023707,1.0,0.1530250390685839,1.0,-4.942764324853508
1.0,0.8898771992507097,-0.09900713159944952,1.0,-0.8543437285078405,0.1844766374710683,4.55192534060298
0.8590354524255744,-0.6032588248040275,-0.46081915909967486,-0.3918646124941918,-1.0,-1.0,6.65938742229831
0.29882640264097526,-1.0,0.7505452304259872,-1.0,0.026658030810282507,0.3596295557168998,0.6097616013191026
-1.0,-1.0,0.7045692150292071,-0.5308788103350472,1.0,0.6324085513881206,1.4791010663827229
1.0,1.0,1.0,1.0,0.17403603471920162,0.6941940796009285,-5.434967837082156
0.7194516657390869,-0.5587455770225586,0.42077228141597794,1.0,0.232045597242181,1.0,2.324820089949442
-0.9115589221673178,0.5297386564201022,0.705434873537895,-0.7291032025519771,0.5505069166528647,0.4907497978988001,-0.7112191709148327
0.16258743949232934,-0.435832927768649,-0.2701480955260932,0.24233081724198913,0.671436691049526,-0.05756259781671236,-0.763214424860966
0.7740365854083644,1.0,0.1762249862681965,-0.025395699788847814,-1.0,-0.30272145576780907,2.0523807352628083
-1.0,-0.8820036603571357,-0.37535247031546093,-0.039923744448833065,-0.3842886855549119,-0.3454289139283371,-1.0694736763398238
-1.0,-1.0,-0.6083335337798966,-1.0,-0.5966074846845866,0.31054475491328715,-3.627532815134823
0.2940272776532339,-1.0,-1.0,-0.6752753536170316,-0.19020250481187884,0.4593329153034518,-1.5757907043092905
-0.8564931690327274,0.9575642805140014,0.9973152403390767,0.6103281615104221,1.0,-0.6563905462419102,-4.139919249784907
1.0,0.5984566838717251,-0.5084762861631101,0.42748669364157027,-0.6771273157928166,0.7069508644876245,4.524560149872059
-0.7707295653276557,0.31510365833270515,-0.4204117751182468,-0.5930389325307324,0.8479045547209536,-0.26383668692581386,2.164798773619298
0.9004727018036145,1.0,1.0,1.0,0.6582452436485791,0.08345066572395607,-6.4548057113391
-0.588525839909773,-0.28127858596398725,0.2318351295097241,0.17425919850380894,1.0,0.16487817343362732,0.8189173429900864
-0.7836699738810644,-0.35394750031011957,-0.46022966673509536,-1.0,-0.7607842253970709,-0.08290046739817925,-0.4698415771572736
-0.27303950609700933,-1.0,-0.012167644258802235,-0.7697903880484033,-0.5783098266783915,0.35598956169106755,0.8880703925281389
-0.3728249664099525,0.09401259785373318,-0.07954993732826965,-1.0,-1.0,0.32576219997931677,1.780842708154833
-1.0,0.12700671840760452,-0.19417123587663287,-0.8650120913547746,0.828209924510225,0.5970902414596732,3.464829330501421
-0.680095005014818,-0.8713697743652327,-1.0,-1.0,0.38619723522133487,1.0,0.46188820684505427
0.690202828665932,0.7953710226400721,0.22521475170943234,1.0,0.7545772306875362,0.84526742992777,-0.6783922204172199
1.0,0.6760570091204953,1.0,0.5713849458383169,-0.14471715611742259,-0.059455866135550095,0.8105215015841938
0.12029542482549249,-0.6904799294201173,0.02363273047626413,-0.23340310606291415,-0.42554221880797377,1.0,2.571777768074967
-1.0,-1.0,-0.3177233895131071,-0.014555842424162968,0.6892527419896024,0.32452105186517266,0.43132539182562
-0.08747272308095488,-1.0,-0.14058270215920454,-0.07522032725008687,0.5093155903811024,1.0,1.8352101280037472
-1.0,-1.0,-0.39773201426929394,-0.4356578621506796,-0.04958759473612284,0.6856806451557708,-1.6156676363653333
-0.6637174278549693,0.17825329097214104,0.5504102943904297,0.8025395296576785,-1.0,-0.12786464451887258,-1.8825605923343698
-1.0,0.3051862667937738,-1.0,-0.19800323714820045,0.4005067863383367,0.4949997040245962,1.695654983240714
-0.5783818110306327,-0.07254980688705537,0.21312752634773047,0.3635990422221338,1.0,0.2900858931290431,2.192748078268977
1.0,0.4196252033976314,-1.0,-0.4538205826283762,0.8505692108002236,-0.08586531148776158,-2.3811708263841194
0.8355508904666136,-0.44192034780059447,1.0,0.2522794022121536,0.12533503972030258,0.09863322287156295,-0.24446054771328285
0.035878895207839934,-1.0,0.18259913047565696,-0.5902035265635543,-0.8977209924575553,0.17498935132439197,2.677414256218789
-0.31487088523708634,1.0,-0.8263799735477831,0.846682301286013,-0.09328226496955416,-1.0,4.841651142666353
0.009990005773052313,1.0,-0.5679216013821231,0.060171208844129076,1.0,0.5334073427589701,4.760402701036106
0.400347933990153,-0.5790365634002418,-0.47705932952314045,0.17079060141605223,0.3854585664959065,0.9067144484047862,1.845464974627916
0.4910777620905804,-0.48939002173705387,-0.07837818187168633,-0.06040894252926443,-1.0,-0.6296235477936828,3.4363661929225
-0.49965849599834594,0.2633068418102507,-0.5564404138026914,1.0,-1.0,0.5588984414550712,0.11193951926515161
0.4365952775606248,0.9816356574241212,1.0,0.06389685113578047,0.23034699319431318,0.5314266782255691,-3.19578539207621
-0.02259190588244786,-0.6479124676291519,-0.2603899455413865,0.44257611757211934,0.01379174451518983,1.0,4.320699478576399
1.0,1.0,1.0,0.8153916687451832,-0.9569263514557009,0.5867148745947702,1.3840735622061588
-1.0,-0.07914956365856127,-0.1963764601627816,-1.0,1.0,0.6941297953848693,5.663692241680285
-0.8494844937332356,-0.13161244144869055,-0.3038313297220606,-0.35736654545929436,0.5605210546471412,1.0,4.323487393975561
0.036562366321522655,1.0,0.9871506832006722,1.0,0.909608287540538,1.0,-6.367786513769022
0.6083497272473675,-0.2374804217140957,-0.7850046078238264,0.7661296507494952,-0.36853580351753645,-0.6922591101546254,1.3521665958562714
-0.6393818409036789,-0.6493245467308041,0.5479738202782429,0.5177064562788152,0.4540378386135411,1.0,1.3548387345394763
1.0,0.6505461712877967,0.8782468350135367,0.16243265318681477,-0.34194803173121646,-1.0,4.2661828417119665
1.0,0.42467723576227434,-0.9324317163716486,0.01059475465631897,0.859398072269473,1.0,0.5974020225228667
0.27414695713704157,0.09813479124281277,-1.0,-0.14202033872483733,0.915060007100276,0.0902950329957678,-1.425214308697703
-0.9079520253956976,-0.9944179072802889,-0.22409089326384068,-0.572308538761314,0.037794947344423846,1.0,-0.40844199992498686
0.2663039165340959,1.0,0.4791665842038594,1.0,1.0,-0.7226990950312102,-0.2655671381043745
-0.9367750732282878,-0.11402438385410352,-0.6367898999034756,-1.0,-1.0,0.4529778669690364,-0.11714148248694958
-0.08038940496153724,-0.4640472973392817,-0.43581880402168177,0.6133609231083992,1.0,1.0,4.997515040545822
1.0,1.0,1.0,-0.4711848974359751,0.1715314656367224,-1.0,-2.1539989649840785
-0.1485320617790875,-1.0,-0.6111035447938173,-1.0,1.0,1.0,0.02875924835912541
-0.7908558154841293,-0.6161449126284295,-0.267586772408643,-1.0,-1.0,-1.0,3.6228814855069573
0.2881198812550761,-0.5985865939486539,-1.0,-0.18847312803397076,-0.05361571995471304,0.3678333394545271,1.027132528514109
0.4165780098185883,0.2608333198263382,-0.29964550564615366,0.5850690434847621,1.0,1.0,4.222335759952553
-0.6983920149548467,0.717607626080394,0.2029845989915398,-0.35554007069304727,-1.0,-1.0,-2.8143077052806738
-0.16526008455234087,-1.0,-0.1205579440007174,-1.0,1.0,-1.0,7.349179684534839
0.7217568002227102,1.0,0.5352495188776156,1.0,-0.47665355068200704,-0.17100017179758945,1.642430501463954
0.30923829661407487,-1.0,-0.8148514107327701,0.2619791577145588,-0.3444880269929641,-0.685064104688033,-0.008753835130353216
-1.0,0.4095545298003679,-0.011744771885743854,0.15664183060793738,0.9143608061996413,0.6990643411898951,3.7900949095152483
0.2761720616238421,-0.8623280908336615,-0.6346730670738847,-0.8861583765509922,-0.5773673024514145,-1.0,5.453994887082932
0.1037265777410541,0.6703745689590245,0.5830081916409374,1.0,1.0,0.6779522159637673,-1.691407774291581
-1.0,-0.9734606515878785,-1.0,-1.0,0.4306112769981445,-0.6481177527071915,-1.888053911403584
-1.0,-1.0,-1.0,-1.0,1.0,1.0,-1.325849655631124
-0.3656358404212571,-0.5152050252748098,-1.0,-0.24306725591488643,-1.0,-0.0016318719667851589,-2.2525653975236013
-1.0,-1.0,-1.0,-0.24176702185737264,0.574531000229519,0.05553894856894255,-4.250055080791338
0.4661118444196548,1.0,0.4835162655797356,1.0,-0.9054138806407938,-0.001223342181637499,2.108285475583093
-1.0,-0.18168039397920466,-1.0,-1.0,0.5443576825055696,-0.3511745191658534,-0.66006475077597
1.0,1.0,1.0,0.9138749200115799,0.6833055612671578,1.0,-9.38890023811949
-1.0,-0.18001683108132524,-0.8349635683414232,-0.5110948596790701,-1.0,-1.0,-0.3150935419162034
0.9440053389007901,1.0,1.0,-0.5777585523310227,0.07886427434809429,0.8708186088804653,-3.5304613175523754
0.14010033373990505,0.31007946336015857,-1.0,-1.0,-1.0,-0.15277715750943832,0.49792784241288834
0.5800086189247566,-0.032722503717185436,0.25130445039711735,-1.0,-1.0,-0.19456062468580715,3.7190928254248234
-0.4268680701522683,1.0,-1.0,0.7397934592846991,-0.539877895098299,1.0,8.643660940126296
-0.6892152738112869,1.0,-0.8589177736449609,0.6060168040686567,-0.393075803092082,-0.46061741808102186,2.3980762488205247
0.3836470374316727,0.2510496371422699,0.3925757981173685,0.9825460104825794,1.0,0.5440105661670633,-0.9340922733578699
0.7695221310373075,-1.0,-0.042253883161269545,0.2963793851669114,-0.22014293403946716,0.8628439495976089,2.192461807832317
-1.0,-0.4084288337418185,-0.5110294106326994,-0.8697927891798958,0.07482039945898789,1.0,0.9686129338540297
1.0,0.08510106282103108,0.039803424010437016,0.13806843461741702,1.0,1.0,-0.10298235277496318
0.39386516122403337,1.0,1.0,0.10704393560510939,-0.43598770639016626,-0.9043364967476272,-0.8305165505282269
-0.23119274155915737,0.2642585678995374,0.06459183302612087,-0.0631186907555722,-0.934303133241168,1.0,2.1371455327036744
1.0,0.518811813519815,1.0,1.0,0.03474274270685007,0.6882138882517835,-3.28198592863463
-0.20307514002540472,-0.9355376675032301,-0.059663174829043375,-0.2759512101213226,-0.7251460539953134,-0.31847192510447897,1.0013469737597593
0.4861387506758099,0.8839350920795566,0.8193206903506373,0.7474016207334822,-0.6627648357357423,-0.20326047250985435,1.3531754989916969
